{"intensity":[-0.2806850923024497,-0.98067075175288665,-1.4781055166573369,-0.92678880261818486,-1.0989801605629226,-1.1916962089603067,-1.2587250432354358,-1.1298190245077311,-1.168154988264313,-1.0882785688714658,-1.1167946607025394,-1.0562757518788697,-0.9845580740783676,-0.85372006843344528,-0.92472233324482311,-0.9560169937779649,-0.89443576787278611,-0.92211106328503589,-0.94012625004358119,-0.95385086283143872,-0.91913537668063827,-0.93181118846094169,-0.94223469087360567,-0.95130148273194015,-0.95943009979546456,-0.93783186215789038,-0.91589064022872035,-0.92400301762441894,-0.9310982674517414,-0.91185490028123684,-0.89150834415023539,-0.89879307763441907,-0.87963645277862046,-0.8586621780327669,-0.83520495408848661,-0.84456615699886273,-0.85221469161340679,-0.8589489993421362,-0.86500058891851306,-0.87071320106572525],"isRight":[1,1,0,1,1,1,0,1,0,1,0,0,0,1,1,0,1,1,1,0,1,1,1,1,0,0,1,1,0,0,1,0,0,0,1,1,1,1,1,1],"rawResponseString":[],"response":[3,1,1,1,4,4,4,1,1,1,1,4,4,1,4,4,1,1,3,3,3,4,2,4,4,1,4,4,4,1,2,4,2,4,1,4,4,3,3,3],"target":[3,1,4,1,4,4,2,1,3,1,2,1,1,1,4,3,1,1,3,1,3,4,2,4,1,3,4,4,1,3,2,3,3,3,1,4,4,3,3,3],"stimulusOnsetSec":[25650.85880219,25656.357624891,25660.192276491,25664.02481319,25667.574435713,25671.874619465,25675.790840487,25679.725532837,25683.858684354,25688.62435163,25692.675223218,25697.207657746,25701.407439042,25705.708559057,25709.591606821,25713.908402473,25717.590495287,25721.39025808,25725.557516039,25729.690969889,25733.757976418,25737.741159899,25741.973213906,25745.774332329,25750.057801911,25754.574149552,25758.557415274,25763.257737897,25767.424039791,25771.090853422,25777.472951995,25781.489698076,25786.122923119,25789.989519052,25793.939382455,25797.70616268,25802.23929465,25806.722499016,25810.989349114,25814.83918894],"responseTimeSec":[2.9147463260014774,1.2439804230016307,1.2817935929997475,0.98397365699929651,1.7249971830024151,1.3639756819975446,1.3768262599987793,1.5270618309987185,2.18762757100194,1.4758848020028381,1.9711239589996694,1.6435334390007483,1.764916746000381,1.2996154900029069,1.7423581870025373,1.1247616740001831,1.2123460990005697,1.5788811929996882,1.5642426379999961,1.4981595149984059,1.3951015790007659,1.629950098998961,1.2076494819993968,1.7018395039995085,1.9339423329984129,1.4089966449973872,2.1308452769990254,1.6350738889996137,1.1076609939991613,3.7991393199990853,1.4367987679979706,2.089179481001338,1.3404040249988611,1.3763498250009434,1.1763718870024604,1.9248077280026337,1.914782899999409,1.6775052340017282,1.2677881990020978,1.3552054579995456]}