{"intensity":[-0.2806850923024497,-0.98067075175288665,-1.4781055166573369,-1.8507317113546389,-1.40228341819231,-0.96661384791916993,-1.1297306455160185,-1.2168584193950056,-1.2773264135759437,-1.1607570802383793,-1.1983360978441051,-1.2264419631250743,-1.2493155178487008,-1.2685084367182557,-1.2854201228049118,-1.3009224648224853,-1.3148942088965225,-1.3278239386053194,-1.340605136931408,-1.3529325375696271,-1.3650682667618119,-1.3778801451552534,-1.3911166794745031,-1.4050972112709457,-1.4210293655935762,-1.3793866269582251,-1.3555847924727649,-1.3627785521181375,-1.3431195739004806,-1.3492603023077656,-1.3323873611723416,-1.3379625202243774,-1.3433613775500195,-1.3484172271798462,-1.353338603399749,-1.3579832705854693,-1.3625675348400934,-1.3668843999839273,-1.371228591539869,-1.3752924674075839],"isRight":[1,1,1,0,0,1,1,1,0,1,1,1,1,1,1,1,1,1,1,1,1,1,1,1,0,0,1,0,1,0,1,1,1,1,1,1,1,1,1,1],"rawResponseString":[],"response":[4,1,1,3,2,3,1,1,2,1,4,1,4,3,2,1,4,1,1,4,3,2,2,4,2,2,2,4,1,4,4,2,2,2,1,1,2,3,2,3],"target":[4,1,1,2,1,3,1,1,1,1,4,1,4,3,2,1,4,1,1,4,3,2,2,4,3,1,2,3,1,2,4,2,2,2,1,1,2,3,2,3],"stimulusOnsetSec":[2057.066974677,2060.867027453,2063.7158884,2066.83361829,2069.732330969,2072.982494065,2075.548924021,2078.632247757,2081.199050228,2084.065547792,2087.232294846,2090.015619068,2092.765389786,2095.615571882,2098.532054719,2101.216035337,2104.265353099,2106.916779649,2109.466761396,2112.415820956,2115.565349877,2118.415330888,2121.531902281,2124.498556193,2127.282705278,2130.516303202,2133.415659558,2136.165822759,2139.031831265,2141.816340536,2144.616203365,2147.232388153,2150.131618779,2152.782482926,2155.68150733,2158.431615908,2161.015923454,2163.831139326,2166.798073512,2169.482682608],"responseTimeSec":[2.16514480800015,1.2105636979999872,1.4890055299997584,1.2605910230004156,1.6181884110001192,0.93388609700014058,1.4508497830001943,0.93528686899981039,1.22166338299985,1.5323013920001358,1.1402990560000035,1.1198943929998677,1.2011867759997585,1.2695795969998471,1.049925377999898,1.4221437750002224,1.0201898229997823,0.90942460099995515,1.3041056829997615,1.5116757440000583,1.2007608260000779,1.4792902320000394,1.3403756410002643,1.1445238170003904,1.5965725599999132,1.2586313540000447,1.1098336250001921,1.2287412919999952,1.15241886900003,1.159997932999886,0.98145639400036089,1.2649754379999649,1.0175312549999944,1.2626301950003835,1.1034915529999125,0.95042256099986844,1.1846083929999622,1.3542822669996895,1.0506411159999516,1.5287950390002152]}