{
	"intensity": [-0.2806850923,-0.9806707518,-1.478105517,-0.9267888026,-1.098980161,-1.191696209,-1.258725043,-1.129819025,-1.168154988,-1.088278569,-1.001876048,-1.039197844,-1.062467134,-1.079741471,-1.094029603,-1.057194909,-1.02119663,-0.9792784477,-0.9242692652,-0.9502944078,-0.9665866287,-0.9790293276,-0.9891769905,-0.9634282971,-0.9342452713,-0.9451724533,-0.9544479889,-0.9302641899,-0.9390370787,-0.9466501373,-0.9535493795,-0.9597212267,-0.9430128079,-0.9489190401,-0.9543755718,-0.9390593459,-0.92360051,-0.9291442246,-0.9342472152,-0.9389914336],
	"isRight": [
		1,
		1,
		0,
		1,
		1,
		1,
		0,
		1,
		0,
		0,
		1,
		1,
		1,
		1,
		0,
		0,
		0,
		0,
		1,
		1,
		1,
		1,
		0,
		0,
		1,
		1,
		0,
		1,
		1,
		1,
		1,
		0,
		1,
		1,
		0,
		0,
		1,
		1,
		1,
		1
	],
	"rawResponseString": [],
	"response": [
		1,
		1,
		1,
		1,
		2,
		2,
		4,
		1,
		2,
		3,
		3,
		1,
		4,
		4,
		3,
		4,
		4,
		3,
		4,
		3,
		3,
		3,
		2,
		2,
		2,
		1,
		2,
		1,
		3,
		2,
		2,
		2,
		2,
		2,
		4,
		2,
		3,
		2,
		3,
		3
	],
	"target": [1,1,3,1,2,2,1,1,4,2,3,1,4,4,4,3,1,1,4,3,3,3,1,3,2,1,3,1,3,2,2,4,2,2,1,4,3,2,3,3],
	"stimulusOnsetSec": [27540.67338,27545.54081,27549.42421,27553.20647,27556.83985,27560.85625,27564.69078,27568.59069,27572.42295,27576.20741,27579.88988,27583.52308,27587.30683,27591.09011,27594.72284,27598.62326,27602.42344,27606.25675,27610.07335,27614.10685,27617.9065,27621.6902,27625.55679,27629.45646,27634.28911,27638.20526,27642.18956,27645.9398,27649.70632,27653.60627,27657.38942,27661.08892,27664.85635,27668.55537,27672.33917,27676.4389,27680.77162,27684.58835,27688.4049,27692.08876],
	"responseTimeSec": [2.062445351,1.121951801,1.019955553,0.915270491,1.249451451,1.065597636,1.125986978,1.051843487,1.030017507,0.905205071,0.860998871,1.005410808,1.00180815,0.882263013,1.118723942,1.01537763,1.029802354,1.051193132,1.248727482,1.046169609,0.985191151,1.101213296,1.130299642,2.084799211,1.134608316,1.212102174,0.987120158,0.979847906,1.133452079,1.015693576,0.936633426,0.99020786,0.912502767,1.029519685,1.317409322,1.559193169,1.055388007,1.052580204,0.905815623,0.854429202]
}
