{"intensity":[-0.2806850923024497,-0.98067075175288665,-0.2628012301881712,-0.48458485324727391,-0.60879769375852333,-0.69956801186878026,-0.76920375083524273,-0.82530441686528522,-0.873491095629851,-0.91513263363720365,-0.82282359405516636,-0.84703395572209073,-0.86768221416282121,-0.81834649748993571,-0.83471502104479378,-0.8484476671964144,-0.81333817114680729,-0.77704304131033486,-0.74030261301068678,-0.75400315716880384,-0.76539302253952757,-0.73678580203705457,-0.74756823061758548,-0.756924032561904,-0.73315170449969846,-0.70680576179278409,-0.71635363208290914,-0.69246514021093619,-0.70139026980271424,-0.67773032947544742,-0.65247162696702676,-0.66201179187097159,-0.67029686984660819,-0.67758440077415583,-0.68425393347982211,-0.69027811523750571,-0.69577733521199447,-0.70110315667018841,-0.70588608112391849,-0.71060076855421794],"isRight":[1,0,1,1,1,1,1,1,1,0,1,1,0,1,1,0,0,0,1,1,0,1,1,0,0,1,0,1,0,0,1,1,1,1,1,1,1,1,1,1],"rawResponseString":[],"response":[3,2,2,3,2,4,2,4,3,3,1,3,3,1,3,4,4,4,4,4,4,2,2,2,3,1,2,3,2,2,4,4,1,4,3,4,1,2,2,1],"target":[3,1,2,3,2,4,2,4,3,4,1,3,1,1,3,3,3,1,4,4,2,2,2,1,2,1,1,3,3,3,4,4,1,4,3,4,1,2,2,1],"stimulusOnsetSec":[25148.098259693,25153.631885375,25157.581483136,25161.014543093,25165.281771096,25168.88136192,25172.898197684,25176.615077298,25180.814873082,25184.681575148,25189.098137533,25193.013324222,25196.86488287,25200.413488782,25204.063400504,25208.347361939,25212.164052544,25215.629805356,25219.296580019,25223.013115542,25226.479769544,25230.046722883,25233.929778999,25237.429660367,25240.729668092,25244.929774434,25248.746756838,25252.496624475,25256.830239187,25260.34685166,25264.71405627,25268.5471071,25272.063280282,25275.646942884,25279.913588585,25283.546529899,25287.69564432,25291.54662366,25295.313586911,25299.129081447],"responseTimeSec":[3.0906698139988293,1.5112728099993546,0.97495578600137378,1.818240232001699,1.1558861409976089,1.5762914000006276,1.2767378559983626,1.7336945520000882,1.4119791289995192,1.9732102199996007,1.4837447989993962,1.4031382009998197,1.1203483980025339,1.1933045049991051,1.66370199299854,1.3327754250021826,0.85562997099987115,1.1412208180008747,1.1912394909995783,1.0002555580031185,1.1258136229989759,1.4230686709997826,1.0495841409974673,0.84077710400015349,1.7545650350002688,1.3767952609996428,1.2846706519994768,1.8623374119997607,1.0342437510007585,1.9105114259982656,1.375797942000645,1.0626427040006092,1.1374210659996606,1.7961114450008608,1.1933392369974172,1.7149621040007332,1.409596079000039,1.3120400059997337,1.3484281879973423,1.2543096709996462]}