{
	"intensity": [-0.2806850923,-0.9806707518,-0.2628012302,-0.4845848532,-0.6087976938,-0.6995680119,-0.7692037508,-0.8253044169,-0.7123486828,-0.7451304293,-0.7715119935,-0.7928947174,-0.8112753733,-0.7645889087,-0.7209857985,-0.7357098186,-0.748502244,-0.7166682065,-0.6840711442,-0.6468296574,-0.6607080164,-0.6265550778,-0.6395742298,-0.6502902995,-0.6595111761,-0.6676641144,-0.675084547,-0.6819761811,-0.6635389751,-0.6698949611,-0.6757130777,-0.6602832875,-0.6658110594,-0.671167706,-0.6759894257,-0.6807397727,-0.6850384493,-0.6893281928,-0.6932747289,-0.697012946],
	"isRight": [
		1,
		0,
		1,
		1,
		1,
		1,
		1,
		0,
		1,
		1,
		1,
		1,
		0,
		0,
		1,
		1,
		0,
		0,
		0,
		1,
		0,
		1,
		1,
		1,
		1,
		1,
		1,
		0,
		1,
		1,
		0,
		1,
		1,
		1,
		1,
		1,
		1,
		1,
		1,
		0
	],
	"rawResponseString": [],
	"response": [
		4,
		2,
		2,
		1,
		1,
		4,
		1,
		2,
		3,
		3,
		2,
		4,
		3,
		2,
		4,
		3,
		4,
		3,
		2,
		2,
		2,
		2,
		1,
		2,
		2,
		4,
		3,
		4,
		2,
		4,
		4,
		4,
		4,
		2,
		1,
		3,
		2,
		2,
		1,
		3
	],
	"target": [4,1,2,1,1,4,1,1,3,3,2,4,1,3,4,3,3,4,1,2,1,2,1,2,2,4,3,3,2,4,2,4,4,2,1,3,2,2,1,4],
	"stimulusOnsetSec": [7197.033387,7201.633834,7204.716285,7207.734206,7210.867144,7213.884397,7216.867312,7220.016902,7222.91701,7225.866166,7228.91685,7232.066036,7234.849175,7237.649353,7240.566594,7245.566874,7248.600107,7251.383406,7254.166692,7257.466337,7260.333041,7263.399391,7266.232952,7269.265143,7272.031909,7274.881685,7277.648488,7280.416287,7283.266319,7286.382182,7289.465576,7292.448894,7295.399033,7298.464734,7301.365442,7304.282214,7307.165389,7309.947555,7313.064438,7315.914736],
	"responseTimeSec": [2.967138914,1.464369653,1.39421347,1.52552749,1.405528037,1.349535379,1.519180318,1.317792491,1.339413712,1.415772808,1.536278901,1.194431892,1.170102596,1.301436156,3.371297297,1.417220178,1.178025542,1.163864491,1.689223854,1.250318268,1.441768626,1.201348406,1.410226109,1.13597927,1.228680947,1.149678286,1.140498295,1.235699099,1.483593555,1.456334364,1.365575473,1.294358945,1.427122612,1.264911245,1.295902094,1.287126283,1.178960522,1.502225729,1.222133899,1.217493488]
}
