{"intensity":[-0.2806850923024497,-0.98067075175288665,-1.4781055166573369,-0.92678880261818486,-1.0989801605629226,-0.85005456043857763,-0.95670433320382564,-1.005595812342104,-1.0383965276184204,-1.0640986417142715,-1.0027594880953394,-0.94611870486786009,-0.87986842569267654,-0.91067566269999056,-0.84912352640594158,-0.741910860282746,-0.801569575049941,-0.82922811297659582,-0.8471350364028255,-0.80686464208181419,-0.82347988242594661,-0.83589105270464825,-0.80580820727735514,-0.81767945524628538,-0.82748394670917769,-0.83600985961701291,-0.84369108770722079,-0.82301839345508943,-0.8301591337347467,-0.83659875323450372,-0.84268933754887043,-0.82609316124317922,-0.8319306512238156,-0.81615012342062188,-0.8005551465297529,-0.80622851577507615,-0.81164692205165878,-0.81650177619844344,-0.8212310215451829,-0.8255005986246039],"isRight":[1,1,0,1,0,1,1,1,1,0,0,0,1,0,0,1,1,1,0,1,1,0,1,1,1,1,0,1,1,1,0,1,0,0,1,1,1,1,1,0],"rawResponseString":[],"response":[3,3,4,1,4,3,1,4,2,4,4,4,1,2,2,2,1,1,2,4,4,2,4,2,3,2,2,1,3,3,2,3,2,3,2,1,3,3,1,3],"target":[3,3,1,1,2,3,1,4,2,1,3,3,1,3,3,2,1,1,4,4,4,4,4,2,3,2,1,1,3,3,1,3,4,4,2,1,3,3,1,1],"stimulusOnsetSec":[1361.940294326,1367.141079268,1369.890890697,1379.907722144,1382.991457512,1392.040794045,1395.291018358,1398.090790529,1400.7244026,1403.224202558,1406.33983922,1409.140969674,1412.007531571,1414.872786193,1417.773972199,1420.640849492,1423.472988683,1426.140477752,1428.739325916,1431.806207514,1434.556010341,1437.089350595,1439.989306391,1442.607069671,1445.557450528,1448.30684516,1451.08939462,1456.706477984,1459.740617206,1463.339209726,1466.239164669,1468.856400732,1471.372702351,1473.989773898,1491.573559048,1494.238980718,1497.088909092,1500.572144287,1503.788749493,1506.38873099],"responseTimeSec":[3.5852020679999441,1.1236154949999673,8.40441482999995,1.4729276260000006,7.427440770000203,1.6356843109999772,1.1791708040000231,1.0107527669999854,0.88138472399987222,1.4842392689999997,1.1542565680001644,1.2423752750000858,1.2522942719999719,1.289367349000031,1.2736094720000892,1.1947904580001705,1.0432258450000518,0.9715583060001336,1.440954690999888,1.1393687209999825,0.91455990099984774,1.2863729569999123,1.0217183500001283,1.3327373719998832,1.1319668040000579,1.1665845320001154,3.99955359400019,1.38894612099989,1.9812041449999924,1.2793390730000738,1.0127329269998882,0.90336506999983612,1.0036071219999485,15.97207203999983,1.0441494489998604,1.2409895129999313,1.8636073939999278,1.6159314760000143,0.99323867999987669,1.9551297929999691]}