{
	"intensity": [-0.2806850923,-0.9806707518,-1.478105517,-0.9267888026,-1.098980161,-1.191696209,-1.258725043,-1.312748533,-1.357353877,-1.260839969,-1.288261768,-1.225141786,-1.246782113,-1.264418084,-1.279052478,-1.292088383,-1.258167078,-1.22576418,-1.192820792,-1.155647545,-1.169509444,-1.180879577,-1.190669784,-1.164945308,-1.173945751,-1.181990052,-1.189304911,-1.195995041,-1.202325732,-1.208053069,-1.213507696,-1.21856792,-1.20465271,-1.209460617,-1.214001806,-1.218305427,-1.222492037,-1.22639847,-1.230338193,-1.233946692],
	"isRight": [
		1,
		1,
		0,
		1,
		1,
		1,
		1,
		1,
		0,
		1,
		0,
		1,
		1,
		1,
		1,
		0,
		0,
		0,
		0,
		1,
		1,
		1,
		0,
		1,
		1,
		1,
		1,
		1,
		1,
		1,
		1,
		0,
		1,
		1,
		1,
		1,
		1,
		1,
		1,
		1
	],
	"rawResponseString": [],
	"response": [
		2,
		3,
		1,
		2,
		1,
		2,
		3,
		4,
		1,
		2,
		4,
		4,
		3,
		3,
		2,
		3,
		3,
		3,
		3,
		3,
		3,
		3,
		3,
		3,
		4,
		4,
		2,
		3,
		1,
		2,
		1,
		3,
		2,
		3,
		3,
		1,
		1,
		2,
		1,
		2
	],
	"target": [2,3,4,2,1,2,3,4,4,2,2,4,3,3,2,4,4,4,4,3,3,3,1,3,4,4,2,3,1,2,1,2,2,3,3,1,1,2,1,2],
	"stimulusOnsetSec": [8052.067185,8055.783975,8058.049599,8060.567122,8062.783809,8065.367145,8068.833698,8071.082614,8073.282639,8075.815837,8115.331537,8118.081772,8120.331694,8122.814917,8125.28243,8127.731546,8130.381474,8132.631093,8134.831524,8137.297993,8139.531259,8141.897951,8144.449144,8146.865555,8149.44905,8151.948911,8154.482057,8156.665361,8159.215612,8161.49801,8163.864143,8166.181913,8168.41454,8170.663925,8173.015165,8175.264445,8177.547244,8179.830494,8182.147949,8184.480987],
	"responseTimeSec": [2.403911164,0.96136186,1.220607185,0.928947069,1.273943724,2.16729484,0.943952164,0.939006977,1.231461673,38.22677126,1.448691861,0.952768433,1.185117179,1.171426626,1.152806616,1.352728756,0.965509789,0.923328562,1.19007603,0.930890188,1.081684358,1.252093541,1.117284481,1.271162853,1.202640007,1.23601838,0.919839574,1.269531683,0.985067841,1.073121455,1.03600288,0.942272366,0.964425344,1.044963186,0.964816871,0.97895453,0.986540964,1.008779019,1.049991643,1.300460905]
}
