{
	"intensity": [-0.2806850923,-0.9806707518,-0.2628012302,-0.4845848532,-0.6087976938,-0.4093002204,-0.4710740019,-0.5111488413,-0.5418539206,-0.5673901521,-0.5902571774,-0.6108844884,-0.6302407447,-0.6490552817,-0.6680223297,-0.6878924858,-0.6371343773,-0.6487605381,-0.6596902512,-0.670105038,-0.6801732386,-0.6900509666,-0.699884747,-0.709833961,-0.6823679929,-0.689519248,-0.6698338704,-0.6760053437,-0.6820731978,-0.6877240803,-0.6722261563,-0.657099902,-0.6429621392,-0.6478268518,-0.6525603403,-0.6569604532,-0.6448681855,-0.6322103116,-0.6363716315,-0.6249707881],
	"isRight": [
		1,
		0,
		1,
		1,
		0,
		1,
		1,
		1,
		1,
		1,
		1,
		1,
		1,
		1,
		1,
		0,
		1,
		1,
		1,
		1,
		1,
		1,
		1,
		0,
		1,
		0,
		1,
		1,
		1,
		0,
		0,
		0,
		1,
		1,
		1,
		0,
		0,
		1,
		0,
		1
	],
	"rawResponseString": [],
	"response": [
		4,
		4,
		1,
		1,
		4,
		1,
		1,
		4,
		4,
		2,
		2,
		3,
		2,
		2,
		4,
		3,
		2,
		2,
		3,
		2,
		2,
		1,
		3,
		2,
		1,
		3,
		3,
		4,
		3,
		3,
		4,
		4,
		3,
		3,
		4,
		4,
		4,
		4,
		2,
		4
	],
	"target": [4,1,1,1,3,1,1,4,4,2,2,3,2,2,4,2,2,2,3,2,2,1,3,1,1,4,3,4,3,1,3,1,3,3,4,1,3,4,4,4],
	"stimulusOnsetSec": [5581.481296,5585.149282,5588.381634,5591.331606,5594.298334,5597.365745,5600.31572,5603.298969,5606.880986,5609.814532,5612.714404,5615.665474,5619.19877,5622.164308,5625.148531,5628.181777,5631.148692,5634.098614,5636.997018,5639.930613,5642.897265,5645.747696,5671.830073,5674.946546,5678.04662,5680.946317,5683.964381,5686.946246,5690.029374,5692.962924,5696.045905,5699.04604,5702.180378,5705.080547,5708.197142,5711.062581,5713.997164,5717.062467,5719.97906,5723.513457],
	"responseTimeSec": [1.649417644,1.205040918,0.93643937,0.942628219,1.042703985,0.92774738,0.976253127,1.561758394,0.914770044,0.871437522,0.934601175,1.477769125,0.955246445,0.988275135,1.029913567,0.95609251,0.936124053,0.877050432,0.90821771,0.948573459,0.854930546,24.05565533,1.097563571,1.086109918,0.87998958,1.015881812,0.947053054,1.059293722,0.923330907,1.067500127,0.980218401,1.147316834,0.893483599,1.094327932,0.848203292,0.922322841,1.042316547,0.90775698,1.528972808,1.158650867]
}
