{"intensity":[-0.2806850923024497,-0.98067075175288665,-1.4781055166573369,-0.92678880261818486,-1.0989801605629226,-1.1916962089603067,-1.2587250432354358,-1.3127485326597654,-1.3573538765471154,-1.3971053706378402,-1.4335581039819929,-1.3490589119580281,-1.3705894961598208,-1.3183489980924763,-1.2690206304938827,-1.2865505391892273,-1.3013195867444689,-1.2643541318544629,-1.2770765241023496,-1.2883549596907247,-1.2982653511908753,-1.2727320980331764,-1.2816718935232994,-1.2897599753113234,-1.268180922260661,-1.2462789653530328,-1.2236581196770566,-1.2319484736174346,-1.2393959031847133,-1.2461311894952629,-1.2284609928430388,-1.2097217491534002,-1.2164789123799511,-1.2227813782416301,-1.2284400361962358,-1.2337427372880292,-1.2386437510097754,-1.2432933666600225,-1.2476203756757684,-1.2518463072466202],"isRight":[1,1,0,1,1,1,1,1,1,1,0,1,0,0,1,1,0,1,1,1,0,1,1,0,0,0,1,1,1,0,0,1,1,1,1,1,1,1,1,0],"rawResponseString":[],"response":[3,1,1,3,3,2,3,2,1,2,4,4,1,3,3,3,3,1,4,4,3,4,2,2,4,4,4,2,4,2,2,3,4,1,3,1,4,4,3,4],"target":[3,1,4,3,3,2,3,2,1,2,1,4,3,1,3,3,2,1,4,4,1,4,2,3,2,3,4,2,4,4,1,3,4,1,3,1,4,4,3,1],"stimulusOnsetSec":[6184.700748549,6205.315840267,6211.049777916,6214.749506954,6218.650425299,6222.265836379,6226.049953849,6229.715603332,6233.366937432,6236.932308721,6240.933122937,6244.833031818,6248.933490603,6252.799738524,6256.632027809,6260.182770944,6263.966232138,6267.583189043,6271.215693397,6275.715802657,6279.565820621,6283.632859195,6287.516429481,6291.382718088,6295.831576393,6299.499256133,6303.18247818,6306.882497066,6310.882439791,6314.43273056,6318.114848184,6324.014711276,6327.948948558,6331.748940539,6335.414703425,6339.199110284,6343.782205284,6347.58184664,6351.931205652,6355.764370796],"responseTimeSec":[18.197552296999675,3.3173755570005596,1.2623264230005589,1.4750664319999487,1.1966217460003463,1.3732304980003391,1.2401643869998225,1.1857924920004734,1.1636135930002638,1.58719062199998,1.5036898110001857,1.673567673999969,1.4091827909996937,1.4113336950003941,1.1447551979999844,1.3835934149992681,1.1952893079997011,1.2055160919999253,2.0606993069995951,1.4134417060004125,1.6614608879999651,1.4570976790000714,1.442942554000183,2.0303317779998906,1.2245377579993146,1.2878413010002987,1.2541276720003225,1.5585740320002515,1.1444111169994358,1.2588344759997199,3.46232959200006,1.5244811060001666,1.3585257169997931,1.227034965000712,1.3786018020000483,2.1433128849994318,1.3748344309997265,1.9340185270002621,1.410460723000142,1.5194868490007138]}