{
	"intensity": [-0.2806850923,-0.9806707518,-0.2628012302,-0.4845848532,-0.6087976938,-0.6995680119,-0.7692037508,-0.8253044169,-0.7123486828,-0.7451304293,-0.673476792,-0.6983266733,-0.7181682615,-0.7346411271,-0.748535912,-0.7611261148,-0.7723933869,-0.7827184636,-0.7923413823,-0.8014431441,-0.8101642177,-0.8185904455,-0.8268703242,-0.8351073974,-0.8433975196,-0.8514518209,-0.8597204787,-0.8683620057,-0.8775481501,-0.8874890277,-0.8984652774,-0.9108811793,-0.8768749237,-0.883616438,-0.89025886,-0.8713952513,-0.876633548,-0.8819898624,-0.887165332,-0.8728165565],
	"isRight": [
		1,
		0,
		1,
		1,
		1,
		1,
		1,
		0,
		1,
		0,
		1,
		1,
		1,
		1,
		1,
		1,
		1,
		1,
		1,
		1,
		1,
		1,
		1,
		1,
		1,
		1,
		1,
		1,
		1,
		1,
		1,
		0,
		1,
		1,
		0,
		1,
		1,
		1,
		0,
		1
	],
	"rawResponseString": [],
	"response": [
		3,
		3,
		3,
		1,
		2,
		1,
		2,
		2,
		3,
		3,
		3,
		3,
		4,
		1,
		4,
		2,
		4,
		1,
		3,
		2,
		4,
		2,
		2,
		4,
		2,
		4,
		3,
		3,
		2,
		3,
		4,
		2,
		1,
		4,
		3,
		4,
		1,
		3,
		4,
		3
	],
	"target": [3,4,3,1,2,1,2,1,3,4,3,3,4,1,4,2,4,1,3,2,4,2,2,4,2,4,3,3,2,3,4,1,1,4,2,4,1,3,3,3],
	"stimulusOnsetSec": [7464.06263,7467.744755,7470.128111,7472.328899,7474.628437,7477.212129,7479.778409,7482.262145,7484.745355,7487.028859,7489.511907,7491.745563,7494.011845,7496.245136,7498.677527,7501.210383,7503.760579,7506.060611,7508.695181,7510.96175,7513.561802,7515.894883,7518.161266,7520.410165,7522.694378,7525.011154,7527.61111,7529.894302,7532.494432,7535.144672,7537.411057,7539.827754,7542.36105,7544.644335,7547.244315,7549.627468,7552.177294,7554.594059,7557.227758,7559.592894],
	"responseTimeSec": [2.386516651,1.08463409,0.910370517,0.995543319,1.290443653,1.275636211,1.187712362,1.21298623,0.993065826,1.21203565,0.929214591,0.943264237,0.949842677,1.135138549,1.238425529,1.261840327,1.003478485,1.327828888,0.977216445,1.30489595,1.053803638,0.987472438,0.964128246,0.995677811,1.030819696,1.314662194,0.993318657,1.290422662,1.341406053,0.971205369,1.117117562,1.268565319,0.987223821,1.315402674,1.089197328,1.287848152,1.116982023,1.350134194,1.07337241,1.12705753]
}
