{"intensity":[-0.2806850923024497,-0.98067075175288665,-1.4781055166573369,-0.92678880261818486,-1.0989801605629226,-1.1916962089603067,-1.2587250432354358,-1.3127485326597654,-1.3573538765471154,-1.3971053706378402,-1.4335581039819929,-1.4677095901005337,-1.5040716192279977,-1.5454263783205975,-1.451320874973677,-1.4679932312428436,-1.4832941330437235,-1.4971351595840428,-1.5105844996399782,-1.5233823484812992,-1.53589770064716,-1.5491696219753821,-1.5631061031438533,-1.5782548943264794,-1.5970008396284525,-1.5479333962551363,-1.5559295032920821,-1.5638766290740946,-1.5715106638954301,-1.5792537587649134,-1.5872721951368152,-1.5649077861424394,-1.5706322953164951,-1.5762391394740825,-1.5819091992035719,-1.5873299457439134,-1.5928604486979072,-1.5982338715929516,-1.6037806470944942,-1.609267601704103],"isRight":[1,1,0,1,1,1,1,1,1,1,1,1,1,0,1,1,1,1,1,1,1,1,1,1,0,1,1,1,1,1,0,1,1,1,1,1,1,1,1,0],"rawResponseString":[],"response":[3,3,1,4,3,2,3,1,4,3,1,4,1,3,2,4,2,1,1,4,4,1,3,1,3,2,4,4,2,4,4,3,2,2,4,2,2,3,3,1],"target":[3,3,4,4,3,2,3,1,4,3,1,4,1,2,2,4,2,1,1,4,4,1,3,1,1,2,4,4,2,4,1,3,2,2,4,2,2,3,3,3],"stimulusOnsetSec":[139.738364046,144.871393623,148.937879276,157.588144542,164.770350574,182.8207992,186.471549983,190.253346684,193.387028162,196.953541145,200.304091802,203.886722053,207.470097466,211.203038153,214.836620038,218.56992771,221.937890028,225.303160667,228.503854051,231.669953291,235.319669916,238.737116927,242.736345311,246.319429214,249.569473106,255.219427329,258.819406871,262.087205794,265.35267233,268.519269956,271.837169398,275.052588618,278.770080542,282.420383138,285.803285835,289.153268879,292.436287626,295.78563749,298.986622139,302.268912932],"responseTimeSec":[3.0006906270000115,1.979637093000008,6.5885166050000237,5.09101335699998,15.982722127000017,1.5847317679999833,1.7227006340000059,1.0543617010000048,1.5097991639999861,1.2792679490000012,1.5251436720000129,1.5252409850000106,1.662735615999992,1.5746619220000184,1.6714112189999923,1.3110071010000013,1.3034463950000088,1.147440185000022,1.1058629690000146,1.5657730829999821,1.3536080449999872,1.9309613320000096,1.5184580239999832,1.1925221630000067,3.5934087119999845,1.5391595000000109,1.2025685319999866,1.2279276749999894,1.0891063839999902,1.244761412999992,1.1569108759999835,1.6498378160000016,1.5760803889999693,1.2911621940000373,1.2821082969999793,1.2268681420000007,1.2935410639999532,1.1376876179999726,1.2081574709999927,1.4472624280000446]}