{
	"intensity": [-0.2806850923,-0.9806707518,-0.2628012302,-0.4845848532,-0.6087976938,-0.4093002204,-0.4710740019,-0.5111488413,-0.4262353761,-0.45509541,-0.4768365794,-0.4946389434,-0.5096312203,-0.5232097781,-0.5354393058,-0.5471724373,-0.5581944521,-0.5687133819,-0.5407549366,-0.5490632677,-0.5569190287,-0.5644622164,-0.5714807251,-0.5782678521,-0.5849310511,-0.5912803355,-0.5975476289,-0.6038684693,-0.6099998274,-0.6162065753,-0.622643634,-0.6045018025,-0.5899730655,-0.5944377892,-0.5815186214,-0.5694586957,-0.5578571969,-0.5618758322,-0.5656107315,-0.5553526958],
	"isRight": [
		1,
		0,
		1,
		1,
		0,
		1,
		1,
		0,
		1,
		1,
		1,
		1,
		1,
		1,
		1,
		1,
		1,
		0,
		1,
		1,
		1,
		1,
		1,
		1,
		1,
		1,
		1,
		1,
		1,
		1,
		0,
		0,
		1,
		0,
		0,
		0,
		1,
		1,
		0,
		1
	],
	"rawResponseString": [],
	"response": [
		3,
		3,
		4,
		4,
		4,
		3,
		3,
		3,
		2,
		3,
		3,
		3,
		2,
		1,
		4,
		2,
		4,
		3,
		1,
		4,
		1,
		3,
		3,
		3,
		3,
		2,
		2,
		3,
		2,
		4,
		2,
		2,
		4,
		4,
		4,
		4,
		2,
		2,
		4,
		1
	],
	"target": [3,4,4,4,1,3,3,2,2,3,3,3,2,1,4,2,4,4,1,4,1,3,3,3,3,2,2,3,2,4,1,1,4,2,3,3,2,2,3,1],
	"stimulusOnsetSec": [5184.207239,5187.924183,5191.006666,5194.22252,5197.423679,5200.37258,5203.272287,5206.22219,5209.289061,5212.406589,5215.422144,5218.50546,5221.506173,5224.488682,5227.588645,5230.538475,5233.672008,5236.771785,5240.122669,5243.289079,5246.505951,5249.671425,5252.572381,5255.45582,5258.489164,5261.421468,5264.28782,5267.205882,5270.171943,5273.087636,5276.004406,5278.98857,5282.105321,5285.520557,5288.67202,5291.687518,5294.737773,5297.738112,5300.63726,5303.653959],
	"responseTimeSec": [1.669154097,1.055250252,1.187682395,1.177552946,0.941014064,0.878685461,0.943966042,1.043504497,1.10025548,0.984346372,1.057114349,0.968962694,0.962624191,1.05958875,0.937136856,1.109669164,1.100773111,1.330960993,1.145315708,1.211926555,1.132802679,0.875227611,0.83944007,0.9907934,0.876410969,0.853884412,0.883203277,0.951930466,0.915194205,0.896479212,0.975513777,1.090024811,1.407883516,1.137789378,1.004816863,1.04789854,0.989021824,0.889049086,1.002906889,0.908980582]
}
