{
	"intensity": [-0.2806850923,-0.9806707518,-1.478105517,-0.9267888026,-1.098980161,-1.191696209,-1.258725043,-1.312748533,-1.357353877,-1.397105371,-1.433558104,-1.349058912,-1.370589496,-1.318348998,-1.335538201,-1.350400239,-1.363110626,-1.374352014,-1.343794351,-1.353613888,-1.362501498,-1.3706855,-1.378253202,-1.385384263,-1.392204845,-1.398465488,-1.404491272,-1.410181695,-1.415636625,-1.421089452,-1.426185632,-1.431324887,-1.436178828,-1.441129014,-1.42740272,-1.431732943,-1.435808041,-1.439975878,-1.443889561,-1.447706244],
	"isRight": [
		1,
		1,
		0,
		1,
		1,
		1,
		1,
		1,
		1,
		1,
		0,
		1,
		0,
		1,
		1,
		1,
		1,
		0,
		1,
		1,
		1,
		1,
		1,
		1,
		1,
		1,
		1,
		1,
		1,
		1,
		1,
		1,
		1,
		0,
		1,
		1,
		1,
		1,
		1,
		1
	],
	"rawResponseString": [],
	"response": [
		4,
		2,
		2,
		2,
		3,
		1,
		1,
		3,
		4,
		4,
		2,
		3,
		1,
		4,
		3,
		3,
		1,
		3,
		1,
		3,
		2,
		3,
		4,
		1,
		3,
		3,
		4,
		2,
		3,
		2,
		3,
		1,
		2,
		2,
		2,
		1,
		3,
		1,
		2,
		4
	],
	"target": [4,2,4,2,3,1,1,3,4,4,1,3,3,4,3,3,1,4,1,3,2,3,4,1,3,3,4,2,3,2,3,1,2,1,2,1,3,1,2,4],
	"stimulusOnsetSec": [6948.355479,6951.854863,6954.638969,6957.655688,6960.787792,6963.554459,6966.621352,6969.471213,6972.222473,6975.021818,6977.855261,6980.688266,6983.737594,6986.72181,6990.187586,6993.022036,6995.904752,6999.203972,7002.338087,7005.371755,7008.271768,7011.137919,7013.986678,7016.720414,7019.837811,7022.921453,7025.853436,7028.919962,7031.819651,7034.603205,7037.704459,7040.637783,7043.787592,7046.569686,7049.469624,7052.253869,7055.454162,7058.286837,7061.102756,7063.987154],
	"responseTimeSec": [1.873074951,1.172667185,1.398538376,1.52690402,1.178389006,1.442718293,1.24853882,1.15668015,1.20423267,1.235085258,1.243287727,1.458045016,1.388927764,1.854578451,1.237811935,1.284526004,1.69007447,1.497993793,1.421042325,1.288182976,1.264298562,1.222432681,1.152588544,1.498221428,1.462570207,1.300718597,1.440908317,1.296017385,1.185512905,1.505887783,1.308486421,1.55013502,1.178608668,1.301540099,1.198836318,1.606842347,1.251520311,1.20128508,1.248457563,1.294125982]
}
