{
	"intensity": [-0.2806850923,-0.9806707518,-1.478105517,-0.9267888026,-1.098980161,-1.191696209,-1.258725043,-1.129819025,-1.018994354,-1.062851089,-0.9772486433,-1.013830739,-1.036111009,-1.053190392,-1.066965901,-1.079276072,-1.048039236,-1.017673788,-0.985483095,-0.9981101272,-1.008387489,-1.017248283,-1.025188081,-1.032491753,-1.039038701,-1.045148959,-1.051045033,-1.056394696,-1.041945114,-1.046955161,-1.051853904,-1.056357725,-1.044056622,-1.048341705,-1.052508165,-1.056397184,-1.060320586,-1.049729116,-1.053314429,-1.056743142],
	"isRight": [
		1,
		1,
		0,
		1,
		1,
		1,
		0,
		0,
		1,
		0,
		1,
		1,
		1,
		1,
		1,
		0,
		0,
		0,
		1,
		1,
		1,
		1,
		1,
		1,
		1,
		1,
		1,
		0,
		1,
		1,
		1,
		0,
		1,
		1,
		1,
		1,
		0,
		1,
		1,
		1
	],
	"rawResponseString": [],
	"response": [
		2,
		4,
		2,
		3,
		3,
		3,
		4,
		3,
		2,
		4,
		4,
		4,
		3,
		3,
		4,
		1,
		2,
		2,
		2,
		1,
		2,
		2,
		3,
		4,
		1,
		4,
		3,
		1,
		2,
		3,
		1,
		2,
		3,
		2,
		1,
		1,
		1,
		3,
		3,
		2
	],
	"target": [2,4,3,3,3,3,2,1,2,3,4,4,3,3,4,4,1,1,2,1,2,2,3,4,1,4,3,4,2,3,1,1,3,2,1,1,4,3,3,2],
	"stimulusOnsetSec": [31280.6384,31290.4884,31294.95554,31298.92209,31302.87176,31306.9217,31311.2051,31315.00513,31319.05456,31323.20509,31327.03822,31331.03818,31334.8216,31343.15375,31347.50484,31352.18834,31356.45377,31360.48814,31364.40461,31369.73728,31373.88777,31379.51971,31385.40419,31389.37037,31394.10438,31398.1542,31402.55411,31406.72067,31410.70391,31415.68734,31420.40383,31424.31948,31428.31941,31432.55349,31436.70227,31440.73631,31444.81915,31448.93574,31452.7193,31457.03627],
	"responseTimeSec": [7.372979407,2.000907679,1.500846214,1.488559232,1.576178892,1.808850534,1.331896768,1.588955159,1.667505609,1.360120156,1.52684988,1.296380023,5.85126115,1.878221775,2.190476711,1.803962385,1.541291479,1.439252262,2.838430924,1.668744913,3.15498752,3.411768024,1.490546972,2.268576304,1.593861128,1.881505614,1.68491692,1.509273957,2.511293864,2.234162842,1.431945226,1.525232055,1.764911574,1.684205791,1.569455334,1.607522022,1.662352684,1.288277959,1.853222131,1.584072855]
}
