{"intensity":[-0.2806850923024497,-0.98067075175288665,-1.4781055166573369,-0.92678880261818486,-1.0989801605629226,-0.85005456043857763,-0.3567820862534149,-0.57139178539273094,-0.68560012691814376,-0.75546141107498344,-0.80203145520464769,-0.83541776135942991,-0.76210759738954093,-0.78701652329344318,-0.73042189104526378,-0.75127752371461276,-0.76769712603559848,-0.78159717251918837,-0.79342802505028864,-0.8038659583360368,-0.813292654576688,-0.82197074244905677,-0.83008360139833637,-0.8376857581399193,-0.8172726261090737,-0.79800037598295392,-0.80472613656682612,-0.81089510884898208,-0.816667643478893,-0.8222715128153395,-0.827428290321345,-0.83246744297429709,-0.83715272527152651,-0.84179409983538156,-0.82900334876613369,-0.83326560086214,-0.83729922703527349,-0.82612905705290418,-0.81522049494894444,-0.81919513758952034],"isRight":[1,1,0,1,0,0,1,1,1,1,1,0,1,0,1,1,1,1,1,1,1,1,1,0,0,1,1,1,1,1,1,1,1,0,1,1,0,0,1,1],"rawResponseString":[],"response":[1,4,4,2,2,1,1,4,3,1,1,4,1,4,1,3,3,1,3,4,2,2,2,2,2,4,3,2,1,1,1,2,2,1,4,2,1,2,1,3],"target":[1,4,1,2,1,3,1,4,3,1,1,3,1,1,1,3,3,1,3,4,2,2,2,4,4,4,3,2,1,1,1,2,2,3,4,2,4,3,1,3],"stimulusOnsetSec":[26060.10412047,26065.587420285,26070.23732176,26074.535881497,26078.65262035,26082.419222543,26086.320444251,26089.870673458,26094.553824363,26100.553007532,26104.187042459,26107.802980295,26112.036035497,26116.702952554,26120.953432216,26124.719847631,26129.119750866,26133.069444564,26137.286691681,26141.203103738,26145.503026556,26149.336264479,26152.936842647,26156.935653209,26160.752870293,26164.786069733,26169.118399116,26173.068843437,26177.001293844,26180.601479537,26184.351479297,26188.20132548,26192.151440228,26195.884588863,26199.884413266,26203.785078195,26207.652307035,26211.867596017,26215.469143369,26219.285025678],"responseTimeSec":[2.88219548699999,2.0842635510016407,1.7088341950002359,1.52786978000222,1.1508118470010231,1.3098530569986906,0.9611381850008911,2.0707625869981712,3.4037375570005679,1.0471017800009577,1.0346196760001476,1.6300646419986151,2.0608731110005465,1.6675472550014092,1.1591702670011728,1.8301072059985017,1.3604584019994945,1.631154107999464,1.2935937399997783,1.6929589559986198,1.2319550629981677,0.99719605399877764,1.4022320750009385,1.2024611330016342,1.406423000000359,1.7461803689984663,1.32858376600052,1.3238901700024144,1.0013925439998275,1.1313179450007738,1.2884116769964749,1.3837376970004698,1.1838232980007888,1.3748849850016995,1.29646457799754,1.2071231759982766,1.6048243429977447,1.0011456440006441,1.1982959650013072,1.2835195189982187]}