{
	"intensity": [-0.2806850923,-0.9806707518,-0.2628012302,-0.4845848532,-0.6087976938,-0.6995680119,-0.7692037508,-0.6348220889,-0.5183513805,-0.559624854,-0.4750242849,-0.3792241373,-0.4211286598,-0.3409899801,-0.2047589982,-0.2813549291,-0.160788643,-0.2278508731,-0.2571018777,-0.1999975222,-0.2257872421,-0.2427582023,-0.255525557,-0.2665168977,-0.2761521608,-0.2848667022,-0.2612875881,-0.2690909131,-0.2762460032,-0.2829927293,-0.2891478021,-0.2723610852,-0.278070433,-0.283519705,-0.2885849249,-0.2934535397,-0.2797884149,-0.2843139775,-0.2886311878,-0.2928159223],
	"isRight": [
		1,
		0,
		1,
		1,
		1,
		1,
		0,
		0,
		1,
		0,
		0,
		1,
		0,
		0,
		1,
		0,
		1,
		1,
		0,
		1,
		1,
		1,
		1,
		1,
		1,
		0,
		1,
		1,
		1,
		1,
		0,
		1,
		1,
		1,
		1,
		0,
		1,
		1,
		1,
		1
	],
	"rawResponseString": [],
	"response": [
		3,
		1,
		3,
		1,
		3,
		2,
		3,
		3,
		1,
		2,
		2,
		3,
		2,
		2,
		2,
		3,
		2,
		1,
		4,
		3,
		3,
		2,
		1,
		3,
		1,
		3,
		1,
		3,
		2,
		3,
		4,
		3,
		1,
		2,
		1,
		2,
		3,
		3,
		3,
		3
	],
	"target": [3,2,3,1,3,2,4,4,1,4,4,3,1,4,2,4,2,1,1,3,3,2,1,3,1,4,1,3,2,3,1,3,1,2,1,3,3,3,3,3],
	"stimulusOnsetSec": [5893.392067,5897.093626,5900.593434,5903.675288,5906.541985,5909.526943,5912.458802,5915.475393,5918.491576,5921.624723,5924.626323,5927.575737,5930.491697,5933.891419,5936.992514,5939.792784,5942.741468,5945.775257,5949.057715,5952.958814,5955.874315,5958.874421,5961.957846,5965.075306,5968.040879,5970.99198,5973.840867,5976.773754,5979.825089,5982.674808,5985.60724,5988.6247,5991.541489,5994.491483,5997.606819,6000.489984,6003.623604,6006.874434,6009.674432,6012.773156],
	"responseTimeSec": [1.680182129,1.481065688,1.065279279,0.834469467,0.994439014,0.942196158,1.010146043,1.031594944,1.114320921,0.975438067,0.964787614,0.911545213,1.41418409,1.120149,0.805935381,0.935566485,1.025839752,1.267252255,1.896052918,0.934021557,1.00682677,1.080179005,1.097231219,0.964353692,0.928635027,0.855522599,0.914800362,1.030547717,0.823983803,0.906253103,1.016413169,0.899860827,0.943877286,1.118148889,0.858478397,1.132068303,1.239191074,0.798423779,1.077649759,1.053940072]
}
