{"intensity":[-0.2806850923024497,-0.262802115364559,-0.262802115364559,-0.262802115364559,-0.262802115364559,-0.262802115364559,-0.262802115364559,-0.262802115364559,-0.262802115364559,-0.262802115364559,-0.262802115364559,-0.262802115364559,-0.262802115364559,-0.262802115364559,-0.262802115364559,-0.262802115364559,-0.262802115364559,-0.262802115364559,-0.262802115364559,-0.262802115364559,-0.262802115364559,-0.262802115364559,-0.262802115364559,-0.262802115364559,-0.262802115364559,-0.262802115364559,-0.26632572785255848,-0.27105546288532445,-0.27536054227541773,-0.27967410747087196,-0.28362882920589738,-0.28740890618734583,-0.29119314422453685,-0.29470018238387535,-0.29811246828906579,-0.30153247837925762,-0.30474145107153039,-0.30788453681521416,-0.31108510047062821,-0.31409896822427],"isRight":[0,0,1,0,1,1,0,1,1,1,1,1,1,0,1,1,1,1,1,1,0,1,1,1,1,1,1,1,1,1,1,1,1,1,1,1,1,1,1,1],"rawResponseString":[],"response":[1,2,4,4,2,2,2,3,4,4,1,3,1,3,4,2,3,2,2,1,3,1,2,4,2,4,1,1,3,1,3,4,1,1,1,4,3,3,1,3],"target":[2,3,4,3,2,2,3,3,4,4,1,3,1,1,4,2,3,2,2,1,1,1,2,4,2,4,1,1,3,1,3,4,1,1,1,4,3,3,1,3],"stimulusOnsetSec":[5227.859872515,5238.392002401,5312.642313931,5316.392375676,5320.357897071,5324.158835726,5327.992141508,5331.99113873,5335.892286255,5339.542346722,5343.15769511,5346.958609358,5351.357590011,5355.274366022,5360.274326654,5363.875028114,5367.675132315,5371.275430656,5374.874872429,5378.574961579,5382.607658644,5387.691423138,5391.525090688,5395.424905926,5399.090566989,5402.808329273,5406.774856566,5410.773675276,5414.856936985,5418.440269503,5422.040263549,5425.541433315,5429.090956081,5433.256891055,5437.007183558,5440.65776958,5444.490069057,5448.673334993,5453.306453524,5457.306511037],"responseTimeSec":[8.1209860100007063,71.850582863999989,1.3609434600002714,1.5773083580006642,1.4106068910004979,1.4387632799998755,1.5896860689999812,1.4998895759999868,1.2602473530005227,1.2353713700003937,1.4449986990002799,2.01956828099992,1.527639623000141,2.5893660209994778,1.185794449000241,1.4074953480003387,1.217936066999755,1.2254021010003271,1.2909159010005169,1.6555142560000604,2.6663792839999587,1.420987533000698,1.515614693000316,1.2476290849999714,1.3279808320003212,1.5958062600002449,1.5781503479993262,1.7112826599995969,1.1957487649997347,1.2192154750000554,1.1154653749999852,1.1428852580002058,1.7765465120000954,1.3437535069997466,1.2308167310002318,1.4211889940006586,1.8117999259993667,2.2485098460001609,1.5889284429995314,1.6016838940004163]}