{"intensity":[-0.2806850923024497,-0.98067075175288665,-1.4781055166573369,-1.8507317113546389,-1.40228341819231,-1.5415899936887483,-1.6170909991713414,-1.481206029027224,-1.5278965411319705,-1.5586965737328291,-1.5823710018427,-1.6020266194301751,-1.6194517791048542,-1.6355682065345603,-1.6510296245236353,-1.6111834264535836,-1.6224158633043604,-1.632709456848993,-1.6422891049645096,-1.6513235637785282,-1.6599415566905249,-1.668212362291053,-1.6762891666081359,-1.6842614223570251,-1.691862066439074,-1.6994828965687772,-1.7072317375408497,-1.6858336900365913,-1.66942301621208,-1.6538912843071623,-1.6590224656447674,-1.6639633568475074,-1.6686531033060734,-1.6556260230280062,-1.6601926304057657,-1.6643786327846661,-1.6684167169019357,-1.6723929877944079,-1.6761365424107284,-1.6799533767316437],"isRight":[1,1,1,0,1,1,0,1,1,1,1,1,1,1,0,1,1,1,1,1,1,1,1,1,1,1,0,0,0,1,1,1,0,1,1,1,1,1,1,1],"rawResponseString":[],"response":[4,4,1,4,2,1,2,4,1,1,4,4,4,4,4,1,4,1,1,4,2,1,1,4,1,3,1,2,3,3,1,3,1,1,4,2,4,1,2,2],"target":[4,4,1,2,2,1,1,4,1,1,4,4,4,4,2,1,4,1,1,4,2,1,1,4,1,3,3,1,1,3,1,3,3,1,4,2,4,1,2,2],"stimulusOnsetSec":[6374.547678774,6380.298140652,6383.880803706,6388.048333112,6392.614868166,6396.164933638,6400.063229485,6404.847328873,6408.46513359,6412.66380529,6416.564689139,6420.431539388,6424.514715009,6428.464886164,6432.064645108,6436.031196337,6440.21480173,6444.364719093,6448.314744711,6452.214491115,6456.229995054,6459.830937199,6464.030531337,6468.580573234,6472.629995643,6476.246482122,6479.747449436,6483.880999798,6487.929681582,6491.779734834,6495.497391873,6499.297619895,6503.013511438,6506.647132205,6510.630566175,6514.647429034,6518.430767307,6522.546951468,6526.547229894,6530.863520233],"responseTimeSec":[3.3608999560001394,1.1985762809999869,1.7728565620000154,2.156420713999978,1.1671749160004765,1.5254961890004779,2.3615191509998112,1.2384524119997877,1.8119447919998493,1.4996058229999107,1.4648807060002582,1.6684675169999537,1.5305080140005884,1.2178330100005041,1.5782275669998853,1.7968430189994251,1.7454748690006454,1.543742855000346,1.502985415000694,1.6200010259999544,1.186810954000066,1.7842292710001857,2.1440366990000257,1.6293728319997172,1.1977105649993973,1.105423303999487,1.7612487930000498,1.6335944100001143,1.471382278999954,1.3099443410001186,1.422616009000194,1.3186392839998007,1.2272515969998494,1.5751904379994812,1.5878946739994717,1.4005673080000633,1.6986570389999542,1.5876257429999896,1.9334275909995995,1.4075378520001323]}