{"intensity":[-0.2806850923024497,-0.98067075175288665,-1.4781055166573369,-1.8507317113546389,-1.40228341819231,-1.5415899936887483,-1.3226498520051306,-1.4124715454968424,-1.4579846683280677,-1.4891750133319968,-1.5135629989527302,-1.5340220425059166,-1.5523323784993843,-1.5694904413051693,-1.5249831664812539,-1.488207198179603,-1.5002332994028584,-1.5107522672734548,-1.483078536161875,-1.4924087622761184,-1.5008495440330718,-1.5085682587134714,-1.4879698291427592,-1.4951454131148694,-1.4765960570971519,-1.4833569805234859,-1.464936296712688,-1.4711820763671191,-1.476946106980227,-1.4614834669841064,-1.4669663391600967,-1.4722301080458318,-1.4770234408801413,-1.4817003285233226,-1.4689140373602525,-1.4733084380665284,-1.4774209003472625,-1.4814718912344182,-1.4851893279751875,-1.4889267316932542],"isRight":[1,1,1,0,1,0,1,1,1,1,1,1,1,0,0,1,1,0,1,1,1,0,1,0,1,0,1,1,0,1,1,1,1,0,1,1,1,1,1,0],"rawResponseString":[],"response":[2,4,2,3,1,3,1,3,4,3,1,4,1,2,4,1,4,3,4,1,3,3,2,3,1,3,4,4,3,3,1,1,3,3,2,4,3,2,1,4],"target":[2,4,2,2,1,4,1,3,4,3,1,4,1,4,2,1,4,1,4,1,3,2,2,4,1,1,4,4,1,3,1,1,3,1,2,4,3,2,1,1],"stimulusOnsetSec":[632.748364731,637.232762615,640.798958837,644.264806606,647.881422038,651.281513151,655.114628545,658.5312973,661.847938912,665.131210385,669.865389326,673.315670353,676.814038711,680.064386546,684.032495718,687.398543388,691.097513933,694.697492543,698.480831953,701.781559417,705.61404328,709.031460327,712.564971582,716.098181833,719.480303333,722.898040141,726.581521589,729.764865649,732.981232854,738.196956502,741.564808044,746.014652117,750.564537929,754.681184246,758.813264531,761.963269063,766.329869966,769.929835961,773.329976024,776.513222363],"responseTimeSec":[2.3774011299999529,1.4700524890000679,1.3619474780000473,1.5097396849999996,1.2890931310000724,1.7353071049999471,1.3138287699999864,1.2063306589999456,1.1786190699999679,2.638313215999915,1.3603469079999968,1.3792535019999832,1.1429100190000554,1.8662400519999665,1.269577130000016,1.5949047159999736,1.49017338200008,1.6873700110000982,1.1950172330000441,1.7387412879999147,1.3133226159999367,1.4516916229999879,1.4333870340000203,1.2852092409999614,1.3050150109999095,1.5736707029999479,1.086326506999967,1.107630853000046,3.1096925619999638,1.2816624359999196,2.3565064910000046,2.4373336490000383,2.0098225609999645,2.0257796529999723,1.0598689360000435,2.2651062590000492,1.5131231599999637,1.3011189630000217,1.0842126930000404,1.3671342810000624]}