{
	"intensity": [-0.2806850923,-0.9806707518,-1.478105517,-1.850731711,-1.402283418,-1.541589994,-1.617090999,-1.672189444,-1.716012051,-1.622688354,-1.649813248,-1.671985955,-1.690771207,-1.707375373,-1.722617296,-1.736370347,-1.74965628,-1.762171925,-1.774206715,-1.785998494,-1.798407834,-1.811199885,-1.824728201,-1.786803862,-1.764617795,-1.743910831,-1.750492656,-1.756679867,-1.740077964,-1.723373468,-1.706400762,-1.690175783,-1.69593829,-1.701506326,-1.686445708,-1.69175239,-1.69655878,-1.701269286,-1.705551057,-1.693916962],
	"isRight": [
		1,
		1,
		1,
		0,
		1,
		1,
		1,
		1,
		0,
		1,
		1,
		1,
		1,
		1,
		1,
		1,
		1,
		1,
		1,
		1,
		1,
		1,
		0,
		0,
		0,
		1,
		1,
		0,
		0,
		0,
		0,
		1,
		1,
		0,
		1,
		1,
		1,
		1,
		0,
		0
	],
	"rawResponseString": [],
	"response": [
		4,
		1,
		2,
		1,
		4,
		3,
		1,
		2,
		3,
		2,
		4,
		4,
		4,
		1,
		1,
		2,
		4,
		2,
		2,
		1,
		2,
		3,
		2,
		1,
		2,
		2,
		2,
		3,
		1,
		3,
		2,
		3,
		1,
		3,
		4,
		2,
		1,
		1,
		4,
		2
	],
	"target": [4,1,2,3,4,3,1,2,4,2,4,4,4,1,1,2,4,2,2,1,2,3,1,2,4,2,2,1,2,4,4,3,1,1,4,2,1,1,3,4],
	"stimulusOnsetSec": [31091.75837,31096.90869,31100.62429,31104.50726,31113.95828,31117.90732,31121.82423,31125.67403,31130.00776,31134.57415,31138.59084,31143.12429,31147.60749,31151.64077,31155.57415,31159.55734,31163.47388,31167.27296,31171.14059,31174.84051,31178.89023,31182.90737,31186.89059,31190.80723,31194.65653,31198.57226,31202.42322,31206.23876,31210.2056,31214.00647,31217.90643,31221.80653,31225.67318,31229.40628,31235.92308,31239.78973,31243.70622,31247.9395,31251.8062,31256.70651],
	"responseTimeSec": [2.588423061,1.220532627,1.394564219,6.97048801,1.485117262,1.441947144,1.375923851,1.88020272,2.095712029,1.553375893,2.03647287,2.012140382,1.564043137,1.472607206,1.524027728,1.431951895,1.32674149,1.406985729,1.244393778,1.581404998,1.558410958,1.532595739,1.456166247,1.377465923,1.437251117,1.380689667,1.335170811,1.494880904,1.316753288,1.443558614,1.437452493,1.422769867,1.254335746,4.027657239,1.387704083,1.438858754,1.747614357,1.403729175,2.439642164,1.623181651]
}
