{"intensity":[-0.2806850923024497,-0.017422396893840553,-0.017422396893840553,-0.038623704490882094,-0.13464790581909566,-0.19107818059770598,-0.2395232288693773,-0.29008554109279283,-0.35779649958461573,-0.64876696707208215,-1.2108721685607606,-0.54909429471772175,-0.75362356187508861,-0.86934285705490044,-0.67969187255616015,-0.74439929288821993,-0.78278430142360889,-0.81120849321561517,-0.8348501085129707,-0.77650119878614821,-0.79411258679425623,-0.80870536375086233,-0.7716795625843107,-0.73497829648902457,-0.74783308815004335,-0.715989157249505,-0.72802255720909526,-0.7380943502112205,-0.74693038014258528,-0.75493517489922446,-0.76208156077721156,-0.76874463955590522,-0.77501199833944678,-0.78106308915506584,-0.78657324507920534,-0.79197401608586038,-0.79696506922682664,-0.80189910960557942,-0.80648886421403687,-0.81108908742460117],"isRight":[0,1,1,1,1,1,1,1,1,1,0,1,1,0,1,1,1,1,0,1,1,0,0,1,0,1,1,1,1,1,1,1,1,1,1,1,1,1,1,1],"rawResponseString":[],"response":[3,2,2,2,4,4,1,4,3,2,4,1,3,2,1,4,3,3,1,4,4,4,4,4,4,3,2,3,4,1,3,2,4,1,2,2,1,4,2,4],"target":[1,2,2,2,4,4,1,4,3,2,3,1,3,4,1,4,3,3,3,4,4,3,3,4,1,3,2,3,4,1,3,2,4,1,2,2,1,4,2,4],"stimulusOnsetSec":[24009.710679439,24014.361007765,24018.412039305,24021.860989188,24025.227587258,24029.19456305,24032.927248364,24036.811191694,24041.344586526,24045.443922369,24049.994723055,24054.328530918,24058.811232073,24062.760229033,24068.143489089,24071.961127761,24076.093454903,24080.144492696,24085.194407059,24089.211227635,24093.410965146,24097.559907448,24101.361044222,24106.492952353,24110.343572929,24114.127407455,24118.576236017,24122.960431188,24126.927089044,24131.242809481,24135.160340128,24139.843588475,24144.060031374,24150.676354446,24154.726688843,24158.943579773,24162.708875367,24166.276847809,24170.360349773,24174.559624046],"responseTimeSec":[2.2918947280013526,1.6283239549993596,1.0254997029987862,0.94550363999951514,1.4884584079991328,1.3073662969982252,1.4404332859994611,2.1216134419992159,1.6943331479997141,2.1559920060026343,1.9148780630021065,2.0808895820009639,1.4883699029996933,2.9569321400012996,1.3819969779979147,1.7111741960034124,1.6169908400006534,2.6363901139993686,1.5871620510006323,1.7623991879991081,1.7116639949999808,1.342596844999207,2.7326500579983986,1.435018157997547,1.3797015830023156,2.0314123140015,1.9709666809976625,1.5411640839993197,1.8910208930028602,1.4963662540030782,2.2362137529999018,1.7961152550014958,4.1702168359988718,1.6348687690006045,1.7794512310028949,1.3104133619999629,1.121422268999595,1.6565110019982967,1.7691094239999074,1.1382042719997116]}