{"intensity":[-0.2806850923024497,-0.98067075175288665,-1.4781055166573369,-1.8507317113546389,-2.1321194081475,-1.7625298649768908,-1.4240516074871392,-1.5532749987852279,-1.6204234352051834,-1.4953089799505928,-1.5407770370862146,-1.4521115075694977,-1.3181767837136651,-1.3855503353586078,-1.4191965455919857,-1.4411125704149557,-1.3910265029011493,-1.4102744242440295,-1.4248618374523907,-1.4367518078467119,-1.4067633597569396,-1.4178535500888856,-1.3903569090992782,-1.40052763300889,-1.3742934534268438,-1.3837792991044466,-1.358405124682367,-1.331103757900217,-1.2981178998723095,-1.3117038655024658,-1.32213011318228,-1.2953991998971326,-1.3057728893175935,-1.2809186151230416,-1.2503851662671668,-1.2627777790590968,-1.2725192003108414,-1.2472217757616051,-1.2184562873277391,-1.2304513644954644],"isRight":[1,1,1,1,0,0,1,1,0,1,0,0,1,1,1,0,1,1,1,0,1,0,1,0,1,0,0,0,1,1,0,1,0,0,1,1,0,0,1,1],"rawResponseString":[],"response":[2,1,4,1,2,3,2,2,4,1,2,4,1,3,4,2,3,2,2,2,2,4,2,2,3,1,2,2,1,2,2,2,4,2,4,4,2,4,4,2],"target":[2,1,4,1,4,1,2,2,3,1,3,3,1,3,4,3,3,2,2,3,2,3,2,4,3,4,3,3,1,2,4,2,1,1,4,4,4,2,4,2],"stimulusOnsetSec":[1918.201497114,1922.251753254,1924.835414007,1927.785406028,1930.350904286,1933.100686896,1935.867333404,1938.384081448,1940.833917805,1943.367234772,1946.033870894,1948.667193885,1951.701355591,1954.383615222,1958.383734286,1961.051520645,1964.051562017,1967.084884244,1969.918052415,1972.501434231,1975.400237876,1977.900130002,1981.184708043,1983.667872427,1986.401249303,1989.567171248,1992.616726151,1995.450928601,1998.016651869,2000.884337136,2003.516415234,2006.817316139,2009.600595095,2012.516442101,2015.567604433,2018.299314437,2020.917482723,2023.617248293,2026.317321674,2028.800752187],"responseTimeSec":[2.417778804000136,0.95092789000000266,1.3137843810000049,0.92915851200018551,1.1201029849999031,1.1285350789999029,0.88917698800014477,0.82292562900011035,0.90770090599994546,1.0346488569998655,1.0081286269999055,1.3995362880000357,1.0493472819998715,2.3758225360002143,1.0497307089999595,1.3682819000000563,1.4062515340001482,1.1918760859998656,0.95832192100010616,1.2745286069998656,0.86347772500016617,1.6554863080000359,0.8504137620000165,1.0791829469999357,1.4858697360000406,1.4325221799999781,1.1750176180000835,0.94647303900001134,1.1995325020000109,1.0163594479997755,1.657218696999962,1.1526417079999192,1.272479894000071,1.4169729279999501,1.1008581779999531,0.99658972799988987,1.0662030720000075,1.0701781369998571,0.85795635700014827,0.87249259500003973]}