{
	"intensity": [-0.2806850923,-0.9806707518,-1.478105517,-1.850731711,-1.402283418,-0.9666138479,-1.129730646,-0.8918391352,-0.992343305,-1.039005472,-0.9482330384,-0.8196002309,-0.8873445497,-0.919177477,-0.9399207642,-0.9557549639,-0.9692828912,-0.9809956416,-0.9505110459,-0.9207198957,-0.9312929162,-0.9038972985,-0.913640869,-0.8876663374,-0.8602546454,-0.8709889506,-0.8799138135,-0.8876299412,-0.894626225,-0.9009033485,-0.9066645452,-0.8912551265,-0.8967465484,-0.9020194152,-0.8876443538,-0.8926783264,-0.8788103052,-0.8647998009,-0.8496040133,-0.8548624188],
	"isRight": [
		1,
		1,
		1,
		0,
		0,
		1,
		0,
		1,
		1,
		0,
		0,
		1,
		1,
		1,
		1,
		1,
		1,
		0,
		0,
		1,
		0,
		1,
		0,
		0,
		1,
		1,
		1,
		1,
		1,
		1,
		0,
		1,
		1,
		0,
		1,
		0,
		0,
		0,
		1,
		0
	],
	"rawResponseString": [],
	"response": [
		1,
		3,
		3,
		2,
		2,
		1,
		1,
		1,
		2,
		2,
		2,
		2,
		2,
		4,
		2,
		2,
		4,
		2,
		3,
		4,
		4,
		4,
		3,
		3,
		3,
		1,
		2,
		2,
		2,
		2,
		2,
		1,
		3,
		1,
		3,
		3,
		2,
		2,
		2,
		1
	],
	"target": [1,3,3,1,3,1,4,1,2,4,3,2,2,4,2,2,4,1,1,4,3,4,1,1,3,1,2,2,2,2,4,1,3,3,3,1,3,1,2,2],
	"stimulusOnsetSec": [28697.4254,28701.60739,28705.45862,28709.14058,28713.00857,28716.9239,28720.69072,28724.42407,28728.19066,28731.9411,28735.75769,28739.60781,28743.35766,28747.04104,28750.85753,28754.65769,28758.3577,28762.95748,28766.7406,28770.59082,28774.54086,28778.47401,28782.29059,28786.74066,28790.59046,28794.62378,28798.34073,28802.09064,28805.9401,28809.64023,28813.32404,28817.08965,28820.83958,28824.54048,28831.95668,28851.18968,28855.07317,28859.0063,28862.92322,28866.75585],
	"responseTimeSec": [1.393038036,1.089049817,0.912208725,1.076263065,1.126355205,0.999506763,0.98361691,1.015252294,0.963854706,1.04592027,1.088828952,0.964553826,0.902414304,1.046545924,1.004790665,0.909550676,1.815963641,0.999883682,1.062279156,1.148357332,1.128953617,1.055494763,1.681715293,1.035625067,1.259946252,0.954713717,0.929088651,1.14828206,0.963078935,0.962128596,1.034201821,1.015237211,0.983907143,4.696917587,16.45841678,1.121098305,1.156149863,1.127949088,1.043102286,1.020292568]
}
