{
	"intensity": [-0.2806850923,-0.9806707518,-0.2628012302,-0.4845848532,-0.6087976938,-0.6995680119,-0.7692037508,-0.6348220889,-0.673833359,-0.7032298392,-0.7270284755,-0.7478033702,-0.6978250023,-0.713793988,-0.6732040722,-0.6322429044,-0.6466916878,-0.6590525214,-0.6696647914,-0.6422987777,-0.6519005269,-0.660460515,-0.6376513184,-0.6457157613,-0.6530935698,-0.633244989,-0.612635113,-0.590892852,-0.5986569494,-0.605620932,-0.6120760027,-0.5947627071,-0.6008150339,-0.6063353169,-0.611638233,-0.5972766551,-0.6023665895,-0.6069864421,-0.6114867964,-0.6155715535],
	"isRight": [
		1,
		0,
		1,
		1,
		1,
		1,
		0,
		1,
		1,
		1,
		1,
		0,
		1,
		0,
		0,
		1,
		1,
		1,
		0,
		1,
		1,
		0,
		1,
		1,
		0,
		0,
		0,
		1,
		1,
		1,
		0,
		1,
		1,
		1,
		0,
		1,
		1,
		1,
		1,
		1
	],
	"rawResponseString": [],
	"response": [
		2,
		3,
		2,
		2,
		3,
		4,
		3,
		1,
		3,
		4,
		1,
		2,
		4,
		2,
		2,
		1,
		2,
		4,
		4,
		3,
		3,
		2,
		4,
		4,
		4,
		3,
		3,
		1,
		1,
		4,
		1,
		3,
		3,
		1,
		2,
		1,
		3,
		1,
		1,
		1
	],
	"target": [2,2,2,2,3,4,2,1,3,4,1,3,4,1,1,1,2,4,1,3,3,4,4,4,1,4,4,1,1,4,4,3,3,1,1,1,3,1,1,1],
	"stimulusOnsetSec": [4977.911388,4981.927547,4985.193295,4988.144105,5043.642094,5046.842684,5050.608703,5053.641728,5056.759803,5059.791833,5062.925823,5065.909224,5069.009165,5071.924973,5074.974908,5078.574952,5081.525961,5084.591336,5087.591248,5090.975439,5094.075389,5096.942364,5101.225725,5104.590819,5107.840949,5110.874069,5114.291556,5117.408653,5120.408234,5125.224048,5128.708151,5132.774722,5136.057198,5138.974492,5141.908294,5144.823567,5147.723388,5150.839775,5171.323885,5174.20676],
	"responseTimeSec": [1.926591462,1.204155946,0.913667622,53.44354769,1.181477068,1.741154325,1.014961717,1.047114167,1.025445994,1.116534852,0.959332044,1.084948013,0.892284002,1.008072934,1.587862554,0.922369403,1.050245766,0.987178234,1.369511518,1.082107427,0.861692382,2.271874954,1.345971216,1.225440417,1.032899009,1.41420377,1.094036419,0.987961637,2.823354162,1.463251036,2.058488679,1.260166851,0.913233222,0.912411802,0.912679921,0.886152981,1.109782173,18.47018391,0.851485115,1.0312134]
}
