{
	"intensity": [-0.2806850923,-0.9806707518,-1.478105517,-0.9267888026,-1.098980161,-0.8500545604,-0.3567820863,-0.5713917854,-0.2854938477,-0.3975251572,-0.4502396456,-0.4870018753,-0.408930996,-0.4341956327,-0.3765403296,-0.3973857309,-0.3517118402,-0.2944070993,-0.3204987956,-0.3369009599,-0.3495888669,-0.360069273,-0.3331865145,-0.3039679837,-0.3147145636,-0.3236349906,-0.3314912843,-0.3385742563,-0.345102641,-0.3512996993,-0.3568769731,-0.3622749471,-0.3672309081,-0.3720819772,-0.3765680708,-0.3810409721,-0.3851670933,-0.3893301591,-0.3932237379,-0.3969453227],
	"isRight": [
		1,
		1,
		0,
		1,
		0,
		0,
		1,
		0,
		1,
		1,
		1,
		0,
		1,
		0,
		1,
		0,
		0,
		1,
		1,
		1,
		1,
		0,
		0,
		1,
		1,
		1,
		1,
		1,
		1,
		1,
		1,
		1,
		1,
		1,
		1,
		1,
		1,
		1,
		1,
		1
	],
	"rawResponseString": [],
	"response": [
		1,
		3,
		2,
		2,
		2,
		4,
		2,
		3,
		1,
		3,
		3,
		3,
		3,
		3,
		2,
		3,
		3,
		3,
		3,
		2,
		2,
		2,
		2,
		2,
		2,
		1,
		2,
		3,
		4,
		3,
		3,
		3,
		4,
		1,
		1,
		4,
		1,
		4,
		3,
		1
	],
	"target": [1,3,1,2,4,2,2,1,1,3,3,4,3,4,2,1,1,3,3,2,2,4,4,2,2,1,2,3,4,3,3,3,4,1,1,4,1,4,3,1],
	"stimulusOnsetSec": [6439.715935,6443.332207,6446.382733,6449.798065,6452.648535,6455.615689,6458.614547,6461.565415,6465.047579,6467.96433,6470.965594,6473.964029,6476.880707,6479.948461,6482.880554,6485.798511,6489.331211,6492.330571,6495.513848,6498.46438,6501.548231,6504.496881,6507.447901,6510.331308,6513.314301,6516.37974,6519.581026,6522.496645,6525.330873,6528.197199,6531.331098,6534.164294,6537.230999,6540.27953,6543.313028,6546.196296,6549.080712,6552.163962,6555.230055,6558.178943],
	"responseTimeSec": [1.613270294,1.031992249,1.38643039,0.841772867,0.953511523,0.989567071,0.931312706,1.469173286,0.909627209,0.996222796,0.971939865,0.915384345,1.051254531,0.914278341,0.900779145,1.513611568,0.98064848,1.171676438,0.936473377,1.067887556,0.937579623,0.929212437,0.865682492,0.972002367,1.029510441,1.202702916,0.892309533,0.820139563,0.84970816,1.114485233,0.834115319,1.046973577,1.021806895,1.027422162,0.86611071,0.871790728,1.078283188,1.051676669,0.930323736,0.905642126]
}
