{"intensity":[-0.2806850923024497,-0.98067075175288665,-0.2628012301881712,-0.48458485324727391,-0.60879769375852333,-0.69956801186878026,-0.76920375083524273,-0.82530441686528522,-0.873491095629851,-0.91513263363720365,-0.9561084773278673,-0.9989633743844597,-1.0516920607641262,-1.1754109105845933,-1.5379339970656114,-1.0689759493804925,-1.1198046329562457,-1.2017227250759133,-1.2835764570993373,-1.1170767355401625,-1.1551398821436267,-1.1950534531614747,-1.1102016337117939,-1.1316055890417362,-1.1529813200348356,-1.0999199965887194,-1.1137959877668016,-1.1270744178479015,-1.1403816678366905,-1.1530595520505758,-1.1650016969330808,-1.1342932729479336,-1.143941958857531,-1.15318278005952,-1.1620008432558937,-1.1703858586668421,-1.1782625409993712,-1.1857003261308219,-1.1927679309104469,-1.1992245860974391],"isRight":[1,0,1,1,1,1,1,1,1,1,1,1,1,1,0,1,1,1,0,1,1,0,1,1,0,1,1,1,1,1,0,1,1,1,1,1,1,1,1,1],"rawResponseString":[],"response":[2,3,3,2,1,1,1,4,4,3,3,2,3,3,2,2,2,2,4,2,4,2,4,4,4,1,1,2,2,2,2,2,1,1,2,1,2,3,4,4],"target":[2,4,3,2,1,1,1,4,4,3,3,2,3,3,4,2,2,2,3,2,4,3,4,4,3,1,1,2,2,2,1,2,1,1,2,1,2,3,4,4],"stimulusOnsetSec":[480.551178323,484.900121156,489.667543934,493.083193823,496.417864948,499.633969866,503.267312325,506.517309865,509.866383328,513.217102961,516.383875173,519.517236466,522.733869997,526.200352348,529.782710994,533.334145814,536.717013064,540.134192914,543.58387994,546.865968777,550.549165084,553.93370191,557.132494323,560.565596545,564.182239315,567.982380166,572.499030454,576.482325054,580.350360681,583.583604769,586.798882126,590.083104729,593.549281687,596.815974602,600.715393936,604.015336003,607.299753154,610.531896338,614.132447912,617.498561557],"responseTimeSec":[2.2519980289999921,2.6711025579999728,1.327842985000018,1.2368959830000108,1.1198869259999924,1.5522987080000235,1.1511675579999974,1.2539610640000092,1.2682520010000076,1.0798122479999392,1.0551029110000627,1.130076884999994,1.3766670639998893,1.501052704000017,1.4705758650000007,1.2814038380000738,1.3292091890000393,1.3411921860000575,1.1861398539999755,1.5841407359999948,1.2921491689999129,1.1266302779999933,1.3482273350000469,1.512943066000048,1.7035395970000309,2.4089061639999727,1.8945798549999608,1.7628328070001089,1.14669440199998,1.1207505150000543,1.1978699400000323,1.3606055810000726,1.1806588819999888,1.8003891550000617,1.2053611479999518,1.1915462069999876,1.1418034250000346,1.4839470470000151,1.2600842770000327,1.1058823439999514]}