{"intensity":[-0.2806850923024497,-0.98067075175288665,-1.4781055166573369,-0.92678880261818486,-1.0989801605629226,-1.1916962089603067,-1.2587250432354358,-1.3127485326597654,-1.2004020842346612,-1.1097881955593571,-1.0125404531482451,-0.851885339215153,-0.9369742105569836,-0.80320351187266581,-0.87324049507123547,-0.9059595571132657,-0.92777393611915915,-0.87955209455145433,-0.8983087690369278,-0.91272025017151526,-0.92451353713067785,-0.93471767384120041,-0.94384922731939158,-0.95221947713758848,-0.9600258400647399,-0.93890988568305467,-0.91852724740480562,-0.92563205139570348,-0.932302282479163,-0.938328105143518,-0.922003679257027,-0.90508775184065238,-0.88863951526129892,-0.894686218990804,-0.90024078739996183,-0.88499158138601242,-0.8903321682234111,-0.89524209791026443,-0.90008111633921906,-0.90441149738192061],"isRight":[1,1,0,1,1,1,1,0,0,0,0,1,0,1,1,1,0,1,1,1,1,1,1,1,0,0,1,1,1,0,0,0,1,1,0,1,1,1,1,1],"rawResponseString":[],"response":[1,2,2,1,2,4,1,4,4,1,1,3,3,3,2,2,2,1,1,4,4,2,3,1,4,1,4,1,1,3,2,3,4,3,2,4,3,3,3,4],"target":[1,2,1,1,2,4,1,3,2,2,2,3,2,3,2,2,3,1,1,4,4,2,3,1,3,4,4,1,1,4,4,4,4,3,1,4,3,3,3,4],"stimulusOnsetSec":[25362.329227765,25366.795803433,25370.695741379,25374.796100764,25378.612472572,25383.24451271,25386.677341926,25390.577770433,25394.627687924,25398.295573652,25402.810999325,25408.327817542,25412.977952172,25416.777682506,25420.644757172,25424.71129824,25428.17870113,25432.06098686,25435.811213384,25439.344536069,25443.645146643,25447.64461064,25451.544479443,25456.043580693,25459.627072441,25463.827909852,25468.060145581,25472.210064118,25475.76101882,25479.744585692,25483.777610393,25487.676689143,25491.543469331,25495.476407332,25499.244412619,25503.226329439,25507.576329517,25511.492930918,25514.976171913,25518.776792385],"responseTimeSec":[1.9160416099985014,1.3635395780002,1.5870990699986578,1.2932450749976852,2.0616113290016074,0.87475598699893453,1.3712015370001609,1.5099535219997051,1.1295211469987407,1.9732343809992017,2.96459880600014,2.0783711610019964,1.2664362089999486,1.3027379070008465,1.5334509060012351,0.91034662400124944,1.3250695700007782,1.1809011910008849,0.99194176899982267,1.7365090810017136,1.4656702770007541,1.361646617999213,1.8784060479993059,1.0413311369993608,1.6643781980019412,1.7057014300007722,1.619047899999714,1.0236137270003383,1.4045563959989522,1.4659153130014602,1.3830573399973218,1.3105989169998793,1.3903273789983359,1.2351945759983209,1.3933576170020388,1.7907620420010062,1.346900534001179,0.93407149099948583,1.2574288869982411,1.5221948239995982]}