{
	"intensity": [-0.2806850923,-0.9806707518,-1.478105517,-1.850731711,-2.132119408,-1.762529865,-1.424051607,-0.9949973561,-1.154231166,-1.241931666,-1.301933144,-1.346293024,-1.382066066,-1.30163883,-1.326183353,-1.34643628,-1.36357283,-1.320371311,-1.334410545,-1.346426742,-1.357410139,-1.36730039,-1.376369717,-1.384821622,-1.361691198,-1.369068134,-1.375957718,-1.382550243,-1.388602188,-1.372073349,-1.355533139,-1.361259993,-1.36644548,-1.371524416,-1.376172556,-1.380794967,-1.385028316,-1.389279978,-1.393235862,-1.397001309],
	"isRight": [
		1,
		1,
		1,
		1,
		0,
		0,
		0,
		1,
		1,
		1,
		1,
		1,
		0,
		1,
		1,
		1,
		0,
		1,
		1,
		1,
		1,
		1,
		1,
		0,
		1,
		1,
		1,
		1,
		0,
		0,
		1,
		1,
		1,
		1,
		1,
		1,
		1,
		1,
		1,
		1
	],
	"rawResponseString": [],
	"response": [
		2,
		2,
		1,
		3,
		4,
		4,
		3,
		1,
		1,
		3,
		2,
		3,
		3,
		2,
		2,
		3,
		3,
		1,
		4,
		4,
		2,
		3,
		3,
		2,
		1,
		4,
		2,
		3,
		4,
		2,
		3,
		4,
		3,
		4,
		1,
		3,
		4,
		4,
		4,
		4
	],
	"target": [2,2,1,3,3,2,2,1,1,3,2,3,4,2,2,3,1,1,4,4,2,3,3,1,1,4,2,3,3,1,3,4,3,4,1,3,4,4,4,4],
	"stimulusOnsetSec": [7773.538566,7777.005373,7779.52262,7781.871791,7784.055114,7786.522646,7788.822524,7791.554926,7793.954906,7796.221249,7798.705677,7800.939264,7803.205237,7805.555707,7808.105701,7810.439098,7812.705813,7814.955488,7817.322344,7819.537735,7822.122319,7824.738567,7827.038762,7829.320857,7831.638182,7834.304067,7836.488206,7838.720686,7840.938119,7843.170249,7845.421435,7847.871636,7850.471726,7852.77132,7855.321629,7857.904842,7860.187842,7862.454939,7864.704928,7866.954733],
	"responseTimeSec": [2.165935825,1.228963101,1.051683037,0.908167886,1.17633585,0.990847125,1.43681139,1.129712104,0.99794637,1.189239497,0.934432962,0.978002165,1.052632784,1.262704335,1.058831417,0.97084025,0.987134968,1.080803638,0.935605991,1.269297372,1.331932691,1.028906833,0.975783212,1.019160064,1.371580011,0.91419303,0.934322798,0.922013133,0.971673731,0.980298096,1.165906902,1.301860133,1.007071441,1.2527141,1.299631699,0.986010549,0.955018124,0.980118956,0.95489208,1.040132607]
}
