{
	"intensity": [-0.2806850923,-0.9806707518,-1.478105517,-0.9267888026,-1.098980161,-1.191696209,-1.031737069,-1.083298618,-0.9835748984,-1.023069143,-1.047557668,-0.9937349331,-1.014271762,-1.029585659,-0.9922133462,-1.005857432,-1.017343868,-1.027256418,-1.036118464,-1.04424309,-1.022213695,-1.029518768,-1.036237788,-1.042634885,-1.048476262,-1.032555871,-1.037997137,-1.023175303,-1.007701572,-1.013047292,-0.9982801277,-1.003390787,-1.00810309,-1.01262593,-1.016802571,-1.020943382,-1.024715745,-1.028352409,-1.031922126,-1.035245719],
	"isRight": [
		1,
		1,
		0,
		1,
		1,
		0,
		1,
		0,
		1,
		1,
		0,
		1,
		1,
		0,
		1,
		1,
		1,
		1,
		1,
		0,
		1,
		1,
		1,
		1,
		0,
		1,
		0,
		0,
		1,
		0,
		1,
		1,
		1,
		1,
		1,
		1,
		1,
		1,
		1,
		1
	],
	"rawResponseString": [],
	"response": [
		2,
		3,
		2,
		1,
		4,
		2,
		1,
		1,
		3,
		2,
		2,
		4,
		3,
		3,
		4,
		3,
		1,
		3,
		3,
		3,
		3,
		4,
		3,
		3,
		3,
		2,
		3,
		2,
		3,
		4,
		3,
		4,
		3,
		2,
		1,
		3,
		1,
		4,
		2,
		4
	],
	"target": [2,3,3,1,4,1,1,3,3,2,4,4,3,2,4,3,1,3,3,2,3,4,3,3,4,2,4,1,3,1,3,4,3,2,1,3,1,4,2,4],
	"stimulusOnsetSec": [7070.853616,7074.336933,7077.336742,7080.41999,7083.486937,7086.302969,7089.118747,7091.869514,7094.985277,7097.836634,7100.919626,7104.636352,7107.386186,7110.486289,7113.552887,7116.785602,7119.85247,7122.619303,7125.352413,7128.201213,7131.668723,7134.851227,7137.768935,7140.635669,7143.652321,7146.71868,7149.850751,7153.184099,7156.21768,7159.017904,7162.435109,7165.43506,7168.267977,7171.367066,7174.651172,7177.43354,7180.433728,7183.518122,7186.301073,7189.084915],
	"responseTimeSec": [1.86764468,1.367053161,1.463908582,1.454200521,1.189974083,1.20114791,1.126122355,1.495640761,1.230639515,1.462877981,2.08799267,1.127877835,1.479545473,1.442198155,1.62060762,1.449956642,1.171415151,1.136071697,1.230299902,1.845369432,1.556397003,1.307166645,1.235543682,1.393010101,1.452134743,1.503941471,1.710724403,1.425086849,1.213477775,1.80508892,1.381188288,1.214157117,1.478694926,1.690955698,1.155542734,1.383152259,1.451719393,1.179273326,1.176821698,1.448127732]
}
