{"intensity":[-0.2806850923024497,-0.262802115364559,-0.262802115364559,-0.262802115364559,-0.262802115364559,-0.262802115364559,-0.262802115364559,-0.262802115364559,-0.262802115364559,-0.262802115364559,-0.262802115364559,-0.262802115364559,-0.262802115364559,-0.26361649179367191,-0.27416154395549058,-0.28373966993374766,-0.29280290018635852,-0.30166286528641517,-0.31059154665874977,-0.31989369690327574,-0.32998253722092286,-0.34151184228759546,-0.35557098185249003,-0.37654839065814638,-0.4309553057535559,-0.80566202257092145,-0.36149888181929568,-0.37286323524529852,-0.38716314884890385,-0.40903633014174423,-0.45396621707895857,-0.53441378006735529,-0.60420280414839977,-0.66077930895306058,-0.70888249336591,-0.60712455597539317,-0.63602820804639559,-0.659054944772042,-0.67815783426193477,-0.69498124800361738],"isRight":[0,0,1,1,0,1,1,1,1,1,1,1,1,1,1,1,1,1,1,1,1,1,1,1,1,0,1,1,1,1,1,1,1,1,0,1,1,1,1,0],"rawResponseString":[],"response":[4,2,1,2,4,4,2,2,1,2,4,3,3,2,4,1,1,1,1,4,2,1,3,3,2,2,4,1,1,1,1,1,3,2,1,1,2,1,2,1],"target":[3,1,1,2,3,4,2,2,1,2,4,3,3,2,4,1,1,1,1,4,2,1,3,3,2,3,4,1,1,1,1,1,3,2,4,1,2,1,2,3],"stimulusOnsetSec":[1101.959730329,1106.293069519,1110.092968722,1113.376867039,1116.860663864,1119.876298551,1122.676220425,1125.392816895,1128.292785229,1131.110455794,1133.809447007,1136.860462591,1139.576012451,1142.643273571,1145.575578422,1148.476493522,1151.192457765,1153.876702671,1156.875551893,1159.50993602,1162.476490927,1165.309815332,1168.143127347,1171.108884714,1174.526488972,1177.843496091,1180.743034993,1183.70987208,1186.376160749,1189.343513637,1192.558602874,1195.641887827,1198.375171251,1202.09200523,1204.908678554,1207.958620002,1210.891727439,1213.842643332,1216.509522524,1219.559402082],"responseTimeSec":[2.6616341819999434,2.1395779509998647,1.6216909190000024,1.8185792500000844,1.3646248270001706,1.1665452580000419,1.0612467669998296,1.2523740210001506,1.1653673260000232,1.046592740000051,1.4048350529999425,1.0563672319999569,1.4268685100000766,1.2789585230000284,1.2507590459999847,1.0502126029998635,1.0375090909999471,1.3439112840001144,0.97405911600003492,1.3375698580000517,1.1759688189999906,1.1837661480001316,1.321474045000059,1.7698190920000343,1.6500343479999628,1.2478252299999895,1.3045326239998758,1.0161732920000759,1.3166392329999326,1.5711086210001213,1.44340950600008,1.080056956000135,2.041201344000001,1.1587743139998565,1.4097459629999776,1.2720660919999318,1.3025003999998717,1.0221995790000165,1.3947708250000233,1.1794733950000591]}