{"intensity":[-0.32801056636266746,-1.0017809581390313,-1.4931656086908094,-0.9433796732917924,-0.35167888642020861,-0.32801056636266746,-0.32801056636266746,-0.32801056636266746,-0.34303619115812789,-0.39237166299106874,-0.43193232805990839,-0.34391877174592284,-0.36492651081811922,-0.38079458488056045,-0.39450306236977978,-0.40684705754569572,-0.41903066805698536,-0.43097567662091818,-0.44307324747408111,-0.45572637173198283,-0.47027789818657506,-0.48715529769693577,-0.50922277909045865,-0.54175464626370273,-0.59836184969910855,-0.69010383410286813,-0.52555885040407591,-0.54752254120422128,-0.573607499483914,-0.60261017871832012,-0.532486485691706,-0.5464885053763866,-0.56156638461700781,-0.57671411446308707,-0.59228862904100144,-0.6072542305859544,-0.62196242705915528,-0.63552799307329977,-0.64852342996637058,-0.66048617786409269],"isRight":[1,1,0,0,0,1,1,1,1,1,0,1,1,1,1,1,1,1,1,1,1,1,1,1,1,0,1,1,1,0,1,1,1,1,1,1,1,1,1,1],"rawResponseString":[],"response":[2,3,1,1,3,2,1,2,3,1,1,1,1,1,2,3,1,2,4,1,3,4,3,3,3,4,1,2,4,4,1,1,4,1,4,1,3,3,4,1],"target":[2,3,2,3,4,2,1,2,3,1,4,1,1,1,2,3,1,2,4,1,3,4,3,3,3,2,1,2,4,1,1,1,4,1,4,1,3,3,4,1],"stimulusOnsetSec":[23822.412974219,23827.846691885,23832.62946697,23836.996140028,23841.212695773,23845.696947265,23850.34720341,23855.01340899,23858.963592081,23863.029923252,23867.180322529,23870.646838262,23874.363304483,23878.046690952,23881.513312849,23885.962183533,23891.496760351,23895.546683722,23900.262154763,23904.145630691,23908.229844452,23912.863170944,23917.162563498,23921.113305317,23925.129577469,23928.578457168,23932.679155105,23937.194885486,23941.145765656,23945.095766436,23949.495506889,23957.062295444,23960.695963419,23965.21164363,23969.145742962,23972.745836339,23977.162438503,23981.011245433,23984.378924185,23988.362170394],"responseTimeSec":[3.0460699529976409,2.3652902290014026,1.9484482900006697,1.82490617700023,2.0784852959986893,2.2503108499986411,2.27384556099787,1.5323341410003195,1.6699469990016951,1.7539785689987184,1.0820108900006744,1.3045504649999202,1.2690924460002861,1.0577709489989502,2.0531017239991343,3.1087011160016118,1.6345585509989178,2.2920224310000776,1.4836763280000014,1.68228392400124,2.2077749580021191,1.8798292699975718,1.5349913249992824,1.6040927049980382,1.0412783799984027,1.6932224249976571,2.0655756239975744,1.5228435429999081,1.531541930999083,1.9828926980007964,5.15667116899931,1.2138831880001817,2.1095074680015387,1.4999931040001684,1.1519941420010582,2.0066169790006825,1.4195347589993617,0.958156073000282,1.5787609649996739,1.5664179329978651]}