{
	"intensity": [-0.2806850923,-0.9806707518,-1.478105517,-1.850731711,-2.132119408,-1.762529865,-1.424051607,-0.9949973561,-1.154231166,-1.241931666,-1.301933144,-1.182361539,-1.220327839,-1.139653854,-1.168326182,-1.189823576,-1.139619674,-1.086691181,-1.107659951,-1.061778567,-1.001923438,-1.029208853,-1.046536803,-1.059824388,-1.070644755,-1.080033684,-1.088395397,-1.096068759,-1.103248735,-1.083738605,-1.090237177,-1.096243599,-1.102049506,-1.10735531,-1.112517436,-1.098247601,-1.103058896,-1.107544637,-1.111955002,-1.116043239],
	"isRight": [
		1,
		1,
		1,
		1,
		0,
		0,
		0,
		1,
		1,
		1,
		0,
		1,
		0,
		1,
		1,
		0,
		0,
		1,
		0,
		0,
		1,
		1,
		1,
		1,
		1,
		1,
		1,
		1,
		0,
		1,
		1,
		1,
		1,
		1,
		0,
		1,
		1,
		1,
		1,
		1
	],
	"rawResponseString": [],
	"response": [
		4,
		4,
		4,
		2,
		2,
		4,
		2,
		1,
		3,
		1,
		2,
		1,
		1,
		1,
		2,
		4,
		4,
		2,
		3,
		2,
		3,
		4,
		2,
		1,
		1,
		1,
		1,
		1,
		1,
		4,
		3,
		2,
		1,
		2,
		4,
		2,
		1,
		2,
		1,
		1
	],
	"target": [4,4,4,2,1,2,3,1,3,1,1,1,2,1,2,3,3,2,1,3,3,4,2,1,1,1,1,1,3,4,3,2,1,2,3,2,1,2,1,1],
	"stimulusOnsetSec": [32518.00354,32522.63757,32525.97154,32529.40499,32532.42133,32536.45505,32539.53721,32542.73784,32545.95465,32549.2699,32552.68781,32568.5542,32571.55399,32574.68745,32577.63737,32580.82099,32584.00379,32587.25431,32590.65288,32593.93715,32597.23731,32600.35382,32604.25419,32608.05349,32611.41912,32614.76924,32618.98731,32622.18626,32625.56978,32629.20286,32632.40253,32635.45264,32639.35349,32643.36946,32646.90224,32650.85247,32654.5857,32658.23603,32661.71946,32664.83619],
	"responseTimeSec": [2.714059946,1.419770761,1.515062993,1.075716943,2.104666485,1.159880147,1.263781866,1.276160737,1.404869284,1.469509473,13.94051687,1.08007043,1.216239964,1.031495179,1.271243139,1.256564058,1.338079931,1.484402748,1.361546965,1.368456347,1.190709868,1.971017322,1.873930485,1.440201185,1.44227425,2.289930095,1.293925917,1.456994132,1.709299333,1.270101531,1.129617834,1.970098696,2.100875753,1.624918032,2.020603665,1.826314995,1.730148494,1.561752347,1.197230557,1.292731725]
}
