{"intensity":[-0.2806850923024497,-0.01617317015358153,-0.01617317015358153,-0.01617317015358153,-0.01617317015358153,-0.01617317015358153,-0.01617317015358153,-0.030162435105612239,-0.059537745148628543,-0.082269244158222107,-0.10269478550164203,-0.12321646902211918,-0.14568991135775972,-0.17405747326760126,-0.20995406322121796,-0.25680012161974269,-0.31367747465506557,-0.40753820437442112,-0.85015186989458047,-1.3790266945383816,-0.79434408674699364,-0.9752576450291035,-1.0757397813666374,-0.91020466496797336,-0.96454008064890462,-0.99909400652565383,-1.0261274079813321,-0.96502719004438242,-0.90829636157606264,-0.9306290531096828,-0.947069182483582,-0.96078988583908287,-0.97247019432537085,-0.98284449077715352,-0.99228223811571437,-1.0010234631021722,-0.97729137463264559,-0.95515948654810379,-0.96302993739968523,-0.97009303741206709],"isRight":[0,1,0,1,1,1,1,1,1,1,1,1,1,1,1,1,1,1,1,0,1,1,0,1,1,1,0,0,1,1,1,1,1,1,1,0,0,1,1,0],"rawResponseString":[],"response":[2,3,1,1,1,2,4,1,1,1,1,4,4,3,2,4,1,1,1,2,2,3,1,2,1,1,2,1,4,4,2,1,4,4,1,4,1,1,1,4],"target":[4,3,3,1,1,2,4,1,1,1,1,4,4,3,2,4,1,1,1,1,2,3,4,2,1,1,1,3,4,4,2,1,4,4,1,3,4,1,1,3],"stimulusOnsetSec":[4568.732778431,4577.066072277,4581.682773689,4586.349593542,4594.082781358,4597.74855398,4601.765983646,4606.115504118,4609.798474624,4615.84838456,4624.599090916,4628.44890112,4634.898203743,4638.715946101,4643.015760248,4646.698994331,4650.765502007,4654.431612023,4658.164721216,4662.698351053,4666.948351721,4670.615538177,4674.965179301,4678.865688656,4682.764340483,4686.647660968,4690.330586985,4694.148941535,4698.230504204,4702.481761499,4706.665097312,4710.414918731,4714.730613332,4718.864092837,4722.681235979,4726.630592108,4730.763901318,4734.89792664,4738.681199174,4742.314712838],"responseTimeSec":[5.70589689299959,1.9528202219999002,2.0788754049999625,5.0594008430007307,1.0148822829996789,1.4023756409997077,1.7292123480001464,1.075506574999963,3.4395487130004767,6.126704126999357,1.2188644710004155,3.81537716099956,1.1732984890004445,1.6414400020003086,1.0500242489997618,1.4214022329997533,1.0502973850007038,1.098581066999941,1.9084554730006857,1.6206775000000562,1.0625137779998113,1.727527256999565,1.2381340820002151,1.2230263120000018,1.2369383780005592,1.0298971080001138,1.19471548599995,1.4160882310006855,1.603326551000464,1.5103318060000674,1.1564650169993911,1.6824519980000332,1.5222539180003878,1.1683726730007038,1.229536810999889,1.462317405000249,1.4790884310004913,1.1053852519999054,0.97903008299999783,1.4932956510001532]}