{"intensity":-0.33238159725206179,"isRight":0,"rawResponseString":[],"response":1,"target":4,"stimulusOnsetSec":[34979.486024725,35043.775024494],"responseTimeSec":[21.739752039997256,31.177518745993439]}