{
	"intensity": [-0.2806850923,-0.9806707518,-1.478105517,-0.9267888026,-0.3378834162,-0.5589187159,-0.686619117,-0.4847990215,-0.5501750501,-0.5930745385,-0.6250969765,-0.6521423678,-0.5886248574,-0.6082569803,-0.5614284851,-0.5776265492,-0.5914412656,-0.5564304681,-0.5687159067,-0.5380535353,-0.5491496163,-0.5210492966,-0.5311733343,-0.5400712888,-0.5165884076,-0.5250315606,-0.5326819747,-0.5394802734,-0.5457226188,-0.5516923717,-0.5355698174,-0.5412541405,-0.5259557526,-0.5109685213,-0.4947734069,-0.5004624595,-0.4848568195,-0.4680322301,-0.4509818695,-0.4572227584],
	"isRight": [
		1,
		1,
		0,
		0,
		1,
		1,
		0,
		1,
		1,
		1,
		1,
		0,
		1,
		0,
		1,
		1,
		0,
		1,
		0,
		1,
		0,
		1,
		1,
		0,
		1,
		1,
		1,
		1,
		1,
		0,
		1,
		0,
		0,
		0,
		1,
		0,
		0,
		0,
		1,
		1
	],
	"rawResponseString": [],
	"response": [
		2,
		4,
		2,
		3,
		4,
		2,
		1,
		1,
		2,
		2,
		2,
		2,
		1,
		3,
		2,
		2,
		2,
		1,
		1,
		1,
		3,
		1,
		3,
		2,
		1,
		1,
		2,
		3,
		3,
		2,
		3,
		3,
		2,
		2,
		3,
		2,
		3,
		4,
		2,
		1
	],
	"target": [2,4,3,4,4,2,4,1,2,2,2,4,1,4,2,2,1,1,3,1,1,1,3,4,1,1,2,3,3,4,3,1,1,4,3,3,4,1,2,1],
	"stimulusOnsetSec": [5733.128838,5736.729949,5739.928736,5743.162955,5746.245799,5749.829587,5752.729624,5756.328356,5759.396199,5762.545843,5765.479389,5768.379344,5771.512545,5774.462315,5777.462321,5780.327925,5783.16188,5786.645642,5789.744475,5792.845065,5795.827598,5798.895145,5801.977412,5804.877141,5808.177325,5811.094004,5814.078476,5817.211567,5820.16145,5823.160318,5826.193418,5829.09412,5832.094547,5834.994561,5838.709935,5841.827842,5844.693338,5847.876333,5851.42656,5854.577903],
	"responseTimeSec": [1.589364617,1.177873374,1.212326306,1.06936082,1.551275175,0.882882004,1.572351704,1.03947388,1.130787668,0.917912047,0.870478517,1.116904759,0.92497777,0.981261573,0.861829075,0.824086915,1.464282237,1.06674539,1.089139147,0.972733412,1.056284599,1.071026026,0.877899102,1.277381039,0.909334815,0.957995357,1.110203464,0.935646246,0.976239553,1.008439632,0.893033066,0.987947708,0.912554456,1.694917177,1.10524613,0.849535111,1.181233456,1.532176654,1.118044886,0.940765733]
}
