{
	"intensity": [-0.2806850923,-0.9806707518,-1.478105517,-1.850731711,-1.402283418,-1.541589994,-1.617090999,-1.672189444,-1.716012051,-1.754503176,-1.66745634,-1.601193744,-1.62389668,-1.569667195,-1.588744386,-1.544066791,-1.491956544,-1.512626647,-1.527709702,-1.540136312,-1.550622728,-1.559884284,-1.568217981,-1.575914209,-1.555908818,-1.535958291,-1.543260022,-1.523578817,-1.530356969,-1.536515686,-1.542380471,-1.547696422,-1.552797382,-1.557500634,-1.562089023,-1.549450638,-1.553726058,-1.54152925,-1.545596004,-1.534513687],
	"isRight": [
		1,
		1,
		1,
		0,
		1,
		1,
		1,
		1,
		1,
		0,
		0,
		1,
		0,
		1,
		0,
		0,
		1,
		1,
		1,
		1,
		1,
		1,
		1,
		0,
		0,
		1,
		0,
		1,
		1,
		1,
		1,
		1,
		1,
		1,
		0,
		1,
		0,
		1,
		0,
		1
	],
	"rawResponseString": [],
	"response": [
		4,
		1,
		4,
		1,
		4,
		4,
		4,
		1,
		3,
		3,
		3,
		3,
		3,
		4,
		3,
		3,
		2,
		2,
		4,
		2,
		4,
		4,
		2,
		3,
		3,
		1,
		2,
		2,
		1,
		4,
		3,
		2,
		2,
		1,
		3,
		3,
		3,
		2,
		3,
		4
	],
	"target": [4,1,4,2,4,4,4,1,3,2,4,3,1,4,2,1,2,2,4,2,4,4,2,4,1,1,4,2,1,4,3,2,2,1,2,3,4,2,1,4],
	"stimulusOnsetSec": [30796.57896,30804.59553,30809.04524,30813.14532,30816.96209,30820.87891,30825.14546,30829.59439,30833.76201,30837.6953,30841.66179,30846.12837,30849.91189,30853.76196,30857.71066,30861.81149,30865.62775,30869.66148,30874.19501,30877.99487,30881.87816,30886.11147,30890.41126,30894.29475,30898.12794,30902.06111,30905.8277,30910.22811,30914.31085,30918.27772,30922.24323,30926.10963,30930.26035,30934.72684,30938.82732,30942.82663,30947.01028,30950.90978,30954.89302,30959.04327],
	"responseTimeSec": [5.542271181,1.998638282,1.643532641,1.357266622,1.472159626,1.803401835,1.983829784,1.69633934,1.47072795,1.506839767,2.030892262,1.329880421,1.394964437,1.4753954,1.662115154,1.36791477,1.573551956,2.072450944,1.350308026,1.407709965,1.781211698,1.837933793,1.412632468,1.386723582,1.443614086,1.330584319,1.925667275,1.625334125,1.495690384,1.510629524,1.396049059,1.690827795,2.007721632,1.638770314,1.538244566,1.721635571,1.443442848,1.500425175,1.685512778,1.377068626]
}
