{
	"intensity": [-0.2806850923,-0.9806707518,-1.478105517,-1.850731711,-1.402283418,-1.541589994,-1.617090999,-1.672189444,-1.716012051,-1.754503176,-1.66745634,-1.691501919,-1.711390726,-1.728652277,-1.74419126,-1.758044502,-1.771232449,-1.736485925,-1.746995408,-1.720202247,-1.729291669,-1.705220835,-1.713636247,-1.721137902,-1.700685033,-1.707638077,-1.714169938,-1.72017704,-1.725768728,-1.731238048,-1.716424999,-1.721566064,-1.726257826,-1.73090675,-1.735153758,-1.739414042,-1.74335301,-1.747103379,-1.750876479,-1.754362098],
	"isRight": [
		1,
		1,
		1,
		0,
		1,
		1,
		1,
		1,
		1,
		0,
		1,
		1,
		1,
		1,
		1,
		1,
		0,
		1,
		0,
		1,
		0,
		1,
		1,
		0,
		1,
		1,
		1,
		1,
		1,
		0,
		1,
		1,
		1,
		1,
		1,
		1,
		1,
		1,
		1,
		1
	],
	"rawResponseString": [],
	"response": [
		1,
		2,
		1,
		1,
		4,
		1,
		3,
		1,
		2,
		1,
		3,
		3,
		1,
		3,
		4,
		3,
		1,
		4,
		4,
		4,
		4,
		3,
		3,
		3,
		3,
		2,
		3,
		4,
		4,
		2,
		4,
		1,
		4,
		1,
		4,
		4,
		4,
		1,
		2,
		4
	],
	"target": [1,2,1,2,4,1,3,1,2,3,3,3,1,3,4,3,3,4,1,4,1,3,3,2,3,2,3,4,4,4,4,1,4,1,4,4,4,1,2,4],
	"stimulusOnsetSec": [6700.159521,6703.92766,6706.977034,6709.826773,6712.842693,6715.592981,6718.359464,6721.393821,6724.343648,6727.227136,6730.076511,6733.042624,6735.993594,6738.809093,6741.543588,6744.293507,6747.026521,6749.992222,6753.392181,6756.409809,6759.343132,6762.209858,6765.041892,6767.909471,6770.826264,6773.608379,6776.325175,6779.074866,6782.04226,6784.975699,6787.724722,6790.558043,6793.424652,6796.341199,6799.375506,6802.208664,6805.007516,6807.825128,6810.675134,6813.507781],
	"responseTimeSec": [2.073652822,1.423502663,1.222328784,1.422272151,1.127329648,1.143340492,1.431647985,1.356371384,1.28060227,1.250932819,1.370002272,1.346394751,1.213928976,1.145043398,1.122200137,1.134380491,1.386375367,1.790287013,1.426541696,1.332994522,1.271409062,1.233363991,1.272850989,1.32970676,1.191299609,1.10538228,1.151028501,1.368538114,1.296203612,1.147440003,1.216432352,1.265085296,1.295487755,1.420355326,1.223031116,1.185157774,1.188299846,1.257448443,1.199643883,1.788520805]
}
