{
	"intensity": [-0.3271571682,-1.001780958,-1.493165609,-0.9433796733,-0.3516788864,-0.5733348066,-0.3271571682,-0.4043522407,-0.4552731033,-0.4906598578,-0.41500142,-0.4399241738,-0.4586191974,-0.4744284434,-0.4338990597,-0.4466697811,-0.4581135053,-0.4683528265,-0.4777207602,-0.4864409412,-0.4637615781,-0.4713107235,-0.4783669298,-0.4593761697,-0.4658296035,-0.4720349084,-0.4777067022,-0.4831924332,-0.4883062436,-0.4932748673,-0.4979495434,-0.5025519301,-0.5068750436,-0.4949414305,-0.4989937411,-0.5029452431,-0.491737421,-0.4953958562,-0.4853478042,-0.4754334208],
	"isRight": [
		1,
		1,
		0,
		0,
		1,
		0,
		1,
		1,
		1,
		0,
		1,
		1,
		1,
		0,
		1,
		1,
		1,
		1,
		1,
		0,
		1,
		1,
		0,
		1,
		1,
		1,
		1,
		1,
		1,
		1,
		1,
		1,
		0,
		1,
		1,
		0,
		1,
		0,
		0,
		1
	],
	"rawResponseString": [],
	"response": [
		4,
		1,
		1,
		2,
		2,
		2,
		1,
		1,
		2,
		2,
		1,
		3,
		1,
		2,
		2,
		3,
		3,
		1,
		4,
		2,
		1,
		3,
		3,
		3,
		2,
		3,
		1,
		2,
		4,
		3,
		3,
		3,
		2,
		1,
		4,
		4,
		2,
		2,
		3,
		4
	],
	"target": [4,1,3,4,2,4,1,1,2,3,1,3,1,3,2,3,3,1,4,4,1,3,4,3,2,3,1,2,4,3,3,3,4,1,4,1,2,4,4,4],
	"stimulusOnsetSec": [5447.267525,5451.217731,5454.16789,5457.267483,5460.250482,5463.785155,5467.050301,5469.951564,5473.318234,5476.4005,5479.468095,5482.534993,5485.834792,5488.71767,5493.684608,5496.700753,5499.750979,5502.700746,5505.66735,5508.901038,5512.29961,5515.450643,5518.317295,5521.633032,5524.617372,5527.766985,5530.650374,5533.532772,5536.382546,5539.383431,5542.532638,5545.700372,5548.81694,5551.898692,5555.033461,5558.183058,5561.166176,5564.316366,5567.316313,5571.281985],
	"responseTimeSec": [1.930999553,0.921748124,1.08613186,0.964238169,1.514888347,1.230521407,0.897572724,1.345939487,1.076383107,1.048868099,1.045268425,1.281825643,0.875983543,2.943690613,1.011995018,1.03600261,0.923049206,0.941420437,1.195381991,1.383417774,1.123400131,0.861845676,1.298018457,0.956919583,1.139105462,0.855749601,0.869782437,0.836186164,0.993462442,1.137092412,1.126794108,1.102569834,1.051702574,1.098559561,1.145776636,0.965279395,1.131030391,0.982676066,1.944944053,0.91242313]
}
