{"intensity":[-0.2806850923024497,-0.98067075175288665,-1.4781055166573369,-1.8507317113546389,-2.1321194081475,-1.7625298649768908,-1.4240516074871392,-1.5532749987852279,-1.3460237055138506,-1.4340429369336933,-1.28265974282054,-1.3509270035823659,-1.3866449373866672,-1.4112197438775334,-1.4300642934571088,-1.4459104507342506,-1.4601807310336143,-1.4729101561025151,-1.4846303993803218,-1.4956426807127758,-1.5066627710249068,-1.4780199790934296,-1.45403999479386,-1.4618945107843717,-1.4692306476094377,-1.4761225933623872,-1.4827559917069777,-1.4888876295274123,-1.4720776392170309,-1.4776397341407641,-1.483040563262642,-1.4880803017173125,-1.4930060401737046,-1.4976380869868167,-1.5022304155878812,-1.506542553455841,-1.5108978896358369,-1.5149686169467684,-1.5189418682429723,-1.5228853256979722],"isRight":[1,1,1,1,0,0,1,0,1,0,1,1,1,1,1,1,1,1,1,1,0,0,1,1,1,1,1,0,1,1,1,1,1,1,1,1,1,1,1,1],"rawResponseString":[],"response":[1,3,4,4,4,1,2,2,4,2,2,4,2,3,2,3,2,1,4,1,2,1,4,2,1,4,3,2,4,1,3,2,2,4,1,4,4,4,3,1],"target":[1,3,4,4,1,3,2,3,4,3,2,4,2,3,2,3,2,1,4,1,3,4,4,2,1,4,3,3,4,1,3,2,2,4,1,4,4,4,3,1],"stimulusOnsetSec":[1544.554948852,1548.622670503,1551.622619163,1554.638213118,1557.17146903,1559.822690687,1562.788076164,1565.671412775,1568.438900906,1570.95570806,1573.722318157,1576.521328656,1579.037442114,1581.655634791,1584.438734639,1586.938702707,1590.605145613,1593.204975679,1595.82241803,1598.755109328,1601.32240674,1604.255348059,1607.505097033,1610.189045284,1612.905753932,1615.555017781,1618.271802656,1620.805178436,1623.505678111,1626.055108194,1628.738367041,1631.388674146,1634.187095591,1636.703652417,1639.35469928,1641.93727589,1644.686946612,1647.386962329,1649.903802695,1653.204572739],"responseTimeSec":[2.4241679579999982,1.3393492989998776,1.3743897189999643,0.87237488999994639,1.0047735690000081,1.3329760680001073,1.24706525900001,1.1323542780000935,0.869547306999948,1.1101741840000159,1.1437153179999768,0.88070236700013993,0.96605657700001757,1.1298453669999162,0.85908844100003989,2.0279486110000562,0.94941403699999682,0.96730229400009193,1.27711472399983,0.90920736900011434,1.2742938790001972,1.5957667899999706,1.037459809999973,1.0695237679999536,0.98385698600009164,1.0687410619998445,0.87993612499985829,1.0401531059999343,0.90059838499996658,1.0348668819999602,0.98298036100004538,1.1523004839998521,0.86392294200004471,1.0168360879999909,0.929510842000127,1.1069303040001159,1.041462453000122,0.85483693400010452,1.652833616999942,1.1446562999999514]}