{
	"intensity": [-0.2806850923,-0.9806707518,-1.478105517,-0.9267888026,-1.098980161,-1.191696209,-1.258725043,-1.312748533,-1.357353877,-1.397105371,-1.433558104,-1.46770959,-1.504071619,-1.545426378,-1.451320875,-1.403754556,-1.418570778,-1.43177082,-1.397623895,-1.409133951,-1.419329211,-1.428526884,-1.436967359,-1.444831842,-1.451975055,-1.432097221,-1.438644002,-1.444827171,-1.427422586,-1.43323272,-1.438592838,-1.443719915,-1.44852894,-1.453179912,-1.457549673,-1.461871632,-1.449948566,-1.453903579,-1.457705794,-1.447141624],
	"isRight": [
		1,
		1,
		0,
		1,
		1,
		1,
		1,
		1,
		1,
		1,
		1,
		1,
		1,
		0,
		0,
		1,
		1,
		0,
		1,
		1,
		1,
		1,
		1,
		1,
		0,
		1,
		1,
		0,
		1,
		1,
		1,
		1,
		1,
		1,
		1,
		0,
		1,
		1,
		0,
		1
	],
	"rawResponseString": [],
	"response": [
		2,
		3,
		3,
		2,
		3,
		1,
		3,
		1,
		2,
		4,
		4,
		3,
		2,
		3,
		3,
		1,
		2,
		3,
		1,
		4,
		4,
		3,
		2,
		1,
		3,
		1,
		1,
		3,
		3,
		3,
		1,
		4,
		3,
		2,
		3,
		1,
		4,
		4,
		3,
		1
	],
	"target": [2,3,2,2,3,1,3,1,2,4,4,3,2,4,2,1,2,1,1,4,4,3,2,1,1,1,1,2,3,3,1,4,3,2,3,2,4,4,1,1],
	"stimulusOnsetSec": [7950.669647,7953.702935,7955.986183,7958.319315,7960.619326,7962.869261,7965.152662,7967.402611,7969.768855,7972.734625,7975.102425,7977.402547,7979.617928,7981.917728,7984.601113,7987.118492,7989.417649,7991.984241,7994.267453,7996.851648,7999.23412,8001.484069,8004.035248,8006.368559,8008.668433,8011.635151,8014.068336,8016.351573,8018.667422,8021.484942,8023.817749,8026.083559,8028.533499,8030.88447,8033.134444,8035.350998,8037.616769,8040.151083,8042.400025,8044.650451],
	"responseTimeSec": [1.733837889,0.973902004,1.029109249,0.999741974,0.958378825,0.988479876,0.948950141,1.067616187,1.678406819,1.067277953,1.008801736,0.914580654,1.009639293,1.380121739,1.21767376,0.995637778,1.270412619,0.97468414,1.274467802,1.087103314,0.929861815,1.259053654,1.022430547,1.000887308,1.677909903,1.141193504,0.973600724,1.023190964,1.512046285,1.046979399,0.973444029,1.16326997,1.062265526,0.951497582,0.915281239,0.970593623,1.245047414,0.964340963,0.965424279,1.066835234]
}
