{"intensity":[-0.2806850923024497,-0.98067075175288665,-1.4781055166573369,-0.92678880261818486,-1.0989801605629226,-1.1916962089603067,-1.0317370692891439,-0.84282258752699857,-0.93731446924126594,-0.97896991901648089,-0.89857446019641207,-0.77245003066796292,-0.83975878120052294,-0.871138261146698,-0.89145511099370212,-0.84454736167500111,-0.78532310103039693,-0.81174636375076537,-0.828686870939809,-0.84170634003308675,-0.85239376889329233,-0.86168431073951068,-0.87003911484702767,-0.84777247298493652,-0.85554963624565161,-0.8627249916125308,-0.86917661813659719,-0.87519618510722652,-0.8593480991372433,-0.86497724258222541,-0.87025480620061635,-0.875187341225331,-0.8800878829548795,-0.88453697065751391,-0.88880828026813763,-0.89295339387546757,-0.89686549331872589,-0.90080519670856218,-0.90444978566171486,-0.90798876640450443],"isRight":[1,1,0,1,1,0,0,1,1,0,0,1,1,1,0,0,1,1,1,1,1,1,0,1,1,1,1,0,1,1,1,1,1,1,1,1,1,1,1,1],"rawResponseString":[],"response":[4,4,2,1,1,1,1,4,4,4,4,2,4,2,4,2,2,2,3,2,3,2,2,4,4,4,4,4,1,1,4,4,2,2,1,4,4,3,4,4],"target":[4,4,4,1,1,2,3,4,4,3,2,2,4,2,3,3,2,2,3,2,3,2,1,4,4,4,4,3,1,1,4,4,2,2,1,4,4,3,4,4],"stimulusOnsetSec":[4988.512255663,4993.977880626,4998.111185018,5002.077945748,5005.862185141,5009.679125902,5013.361813637,5017.2109871,5021.512130688,5025.212173376,5029.044982098,5033.078883242,5036.860784423,5040.761888974,5044.595099303,5048.678233336,5052.56072224,5057.760564192,5061.528053932,5065.79379474,5069.677224535,5073.927989765,5077.778104057,5082.560460126,5086.927911451,5090.87788524,5094.427274969,5098.077561899,5101.911411326,5105.761360826,5109.326686108,5113.577454333,5117.777306555,5121.560683378,5125.327810461,5129.161114711,5133.27649553,5137.25975169,5141.14316163,5145.144282814],"responseTimeSec":[2.7637924000000567,1.4413538130002053,1.3301686250006242,1.0752547149995735,1.1226270030001615,0.952723235999656,1.1488640890001989,1.6127420169996185,1.0018479469999875,1.1373225650004315,1.3266019060001781,1.0459642989999338,1.1913091039996289,1.1340859550000459,1.4045514839999669,1.1887937370001964,2.4987539869998727,1.0640302130004784,1.5539805309999792,1.1512756680003804,1.5588087619998987,1.134781689999727,2.077774639999916,1.6793144389994268,1.2585355960000015,0.83888772899990727,0.9371282930005691,1.1160162420001143,1.1316527259996292,0.88978552899970964,1.522007806000147,1.5184678830000848,1.1070495530002518,1.0831513399998585,1.0934304350003003,1.40857096200034,1.2607707980005216,1.1749143150000236,1.2742705300006492,0.93064007300017693]}