{
	"intensity": [-0.2806850923,-0.9806707518,-1.478105517,-0.9267888026,-1.098980161,-0.8500545604,-0.3567820863,-0.5713917854,-0.6856001269,-0.5015273482,-0.2947078505,-0.2630442789,-0.2630442789,-0.2630442789,-0.2986732842,-0.2630442789,-0.2630442789,-0.2790808643,-0.2951440908,-0.3083010662,-0.3196178169,-0.3297948935,-0.3392355272,-0.3482075058,-0.356909666,-0.3655043547,-0.374138815,-0.3500966174,-0.3565511517,-0.3629288729,-0.3689586012,-0.3749342248,-0.3807186348,-0.3865049289,-0.3924558281,-0.3982766455,-0.404342859,-0.4103923509,-0.4167856419,-0.3989753756],
	"isRight": [
		1,
		1,
		0,
		1,
		0,
		0,
		1,
		1,
		0,
		0,
		0,
		1,
		1,
		1,
		0,
		1,
		1,
		1,
		1,
		1,
		1,
		1,
		1,
		1,
		1,
		1,
		0,
		1,
		1,
		1,
		1,
		1,
		1,
		1,
		1,
		1,
		1,
		1,
		0,
		1
	],
	"rawResponseString": [],
	"response": [
		1,
		1,
		4,
		2,
		4,
		3,
		1,
		4,
		2,
		4,
		4,
		2,
		1,
		4,
		4,
		3,
		1,
		4,
		1,
		2,
		4,
		2,
		2,
		4,
		3,
		1,
		2,
		3,
		1,
		4,
		3,
		4,
		3,
		3,
		4,
		1,
		2,
		2,
		2,
		3
	],
	"target": [1,1,3,2,3,4,1,4,1,2,1,2,1,4,3,3,1,4,1,2,4,2,2,4,3,1,3,3,1,4,3,4,3,3,4,1,2,2,3,3],
	"stimulusOnsetSec": [32369.85676,32377.10597,32380.74007,32383.92289,32386.97287,32390.02343,32393.30641,32397.1569,32401.32361,32404.30673,32407.33969,32410.38961,32413.52302,32416.58996,32419.67327,32422.70617,32425.98969,32429.00529,32432.02252,32435.70559,32438.87294,32442.62158,32446.35592,32449.67184,32452.77145,32455.90506,32459.48827,32462.83862,32465.95502,32469.27254,32472.45504,32475.55477,32478.92141,32482.17179,32485.50494,32489.18891,32492.45509,32495.65431,32498.83827,32501.93849],
	"responseTimeSec": [5.313349711,1.699109307,1.240866738,1.112611798,1.118389542,1.352151528,1.906103812,2.217103808,1.04822656,1.087825451,1.134663565,1.18401488,1.11288589,1.134205554,1.108883979,1.338819035,1.097125673,1.069415989,1.741842211,1.245959636,1.803999124,1.785740104,1.392476537,1.170261265,1.210999244,1.65531532,1.419584781,1.188915944,1.377178055,1.234116996,1.168811865,1.440379819,1.294859733,1.389600248,1.76481095,1.322520098,1.260650337,1.249334282,1.159230029,1.134034377]
}
