{"intensity":[-0.2806850923024497,-0.096450624232425924,-0.096450624232425924,-0.096450624232425924,-0.096450624232425924,-0.096450624232425924,-0.096450624232425924,-0.096450624232425924,-0.12636539440643813,-0.14856197309920036,-0.16765151259084476,-0.18619301009347325,-0.20587287674228447,-0.22858810486239989,-0.25771922759885274,-0.30209992558831744,-0.37916179313014742,-0.74530892062720033,-1.2984861551579947,-0.682459039346395,-0.87476971925270341,-0.571204127440583,-0.7015602896732005,-0.7604118847552499,-0.797262878229627,-0.82560783330299325,-0.76252188333766879,-0.78279917521812759,-0.73417136200160982,-0.75124265873227625,-0.76493859176487677,-0.72956307588159919,-0.74184983042061092,-0.75222123251180917,-0.76138385678357723,-0.769698735471607,-0.77732644101426418,-0.78451162433465393,-0.79110451109158753,-0.797333240152857],"isRight":[0,0,1,1,1,1,1,1,1,1,1,1,1,1,1,1,1,1,0,1,0,1,1,1,1,0,1,0,1,1,0,1,1,1,1,1,1,1,1,0],"rawResponseString":[],"response":[2,3,2,3,2,2,4,4,3,4,4,2,1,3,1,3,4,2,3,2,1,2,2,2,1,4,3,4,2,4,4,3,3,2,2,2,1,3,4,1],"target":[4,4,2,3,2,2,4,4,3,4,4,2,1,3,1,3,4,2,1,2,4,2,2,2,1,3,3,2,2,4,3,3,3,2,2,2,1,3,4,3],"stimulusOnsetSec":[23619.498568598,23627.616289322,23634.349142633,23639.09928843,23643.749267967,23649.03252243,23652.982359281,23657.399262708,23661.181875822,23665.13254125,23669.498979973,23673.165060287,23677.680947229,23681.882044948,23686.081084955,23690.082267943,23693.680932792,23698.064976136,23702.464068949,23706.580758552,23711.014721098,23715.748523781,23720.014669121,23724.515084148,23728.198536139,23733.347056306,23737.731506561,23741.831512924,23746.914706322,23751.564789792,23756.031000869,23759.848291269,23764.731061495,23768.281499951,23772.564772606,23776.346736769,23780.031314095,23784.379990362,23789.648053877,23793.613329638],"responseTimeSec":[5.6781501210025453,4.2503273100010119,2.3506659310005489,2.2308437079991563,2.8777636960003292,1.537511058999371,2.0373165320015687,1.3755712759993912,1.5507143710019591,1.9845971169997938,1.2368496820017754,1.8498704150006233,1.7062388779995672,1.7817672479977773,1.5802468209985818,1.1829194630008715,1.9916757110004255,1.972257958001137,1.6926557039987529,1.9986272219975945,2.3096459250009502,1.8246790890007105,2.0848324500002491,1.2554838710020704,2.7087789750003139,1.9518369409997831,1.6621490470024582,2.6590812930007814,2.1923473629976797,2.0449501200018858,1.4019992899993667,2.453826870998455,1.1120558049988176,1.8468300179993093,1.3491316949985048,1.2725381740019657,1.9283842220029328,2.8484873209999932,1.5275290019999375,0.980077568001434]}