{"intensity":[-0.2806850923024497,-0.007250018741375366,-0.007250018741375366,-0.035541718281051252,-0.13087637757390211,-0.18815492510346132,-0.23751590890429342,-0.28873783634890771,-0.35666574762220871,-0.6461895182855808,-1.2101433806177384,-0.547803717911415,-0.75341129555866626,-0.86928580837302949,-0.95101107916036587,-1.013887299842795,-1.0645928301770775,-0.9549137581296202,-0.86571530202157421,-0.7780749423845128,-0.81300765919005635,-0.83667341265535911,-0.855413315331516,-0.81194013669561671,-0.82755918120262617,-0.84080777468193824,-0.85213710869330972,-0.86219183735595073,-0.87131596289023672,-0.87972837132644388,-0.8875364784480646,-0.8949435393782208,-0.90177089505124386,-0.90829771589497688,-0.91462134176702126,-0.92059908106440558,-0.92638564052673489,-0.93216825556643723,-0.937641416972454,-0.943138908388126],"isRight":[0,1,1,1,1,1,1,1,1,1,0,1,1,1,1,1,0,0,0,1,1,1,0,1,1,1,1,1,1,1,1,1,1,1,1,1,1,1,1,1],"rawResponseString":[],"response":[2,2,4,3,4,3,1,3,4,1,4,1,2,3,3,1,4,4,2,1,1,3,3,4,4,3,2,3,1,4,2,2,3,4,4,4,1,3,1,2],"target":[3,2,4,3,4,3,1,3,4,1,2,1,2,3,3,1,3,3,1,1,1,3,4,4,4,3,2,3,1,4,2,2,3,4,4,4,1,3,1,2],"stimulusOnsetSec":[4762.930266315,4768.098268706,4771.863297624,4775.797967306,4779.714464436,4783.629593144,4787.763018654,4791.780693849,4795.547555017,4799.397569061,4803.430020475,4807.89658587,4811.930785531,4815.829753795,4819.731015536,4823.663877872,4827.430832565,4831.597083016,4835.547051108,4839.76377545,4843.830362839,4847.530364053,4851.529271772,4855.862794045,4860.580191998,4864.230519619,4868.795424835,4872.729978767,4876.64526538,4880.262657495,4884.545334618,4888.262468254,4891.979077241,4896.079102426,4900.329800593,4903.928922246,4907.579520162,4911.462940137,4915.328603659,4919.346280643],"responseTimeSec":[2.5722979940001096,1.0896404209997854,1.3083926830004202,1.2276008939998064,1.2250043190006181,1.4588134349996835,1.3557379370004128,1.0956768599999123,1.1792116779997741,1.3140584680004395,1.7929532779999136,1.3503823609999017,1.2381225979997907,1.2476216109998859,1.2354172140003357,1.1084886810003809,1.5242167289998179,1.3053174619999481,1.5504595069996867,1.4034723360000498,1.0574555069997587,1.3334792839996226,1.6466297950000808,2.0211876920002396,0.97299679099978675,1.8993985360002625,1.2793738800000938,1.2410267220002424,0.98121884700049122,1.6075605340001857,1.0596631689995775,1.0327036110002155,1.4353782910002337,1.5892855250003777,0.94019319099970744,0.92823633999978483,1.1852363359994342,1.1951410209994719,1.3007493860004615,1.2026759710006445]}