{"intensity":[-0.2806850923024497,-0.98067075175288665,-1.4781055166573369,-0.92678880261818486,-0.337883416150052,-0.55891871590963638,-0.68661911696570888,-0.77044259409244187,-0.82793131427613909,-0.87121520850258416,-0.77802851026262643,-0.69279701199241739,-0.72426218036848677,-0.74709377806279487,-0.76561876714542165,-0.78126579355356651,-0.79453982689468172,-0.80623728281633089,-0.817222768159017,-0.82734533969333157,-0.83682304282644537,-0.84582641471646847,-0.85449186658192122,-0.86257860150545429,-0.83975987852565392,-0.8202256122799495,-0.8266218013233706,-0.832807065008671,-0.83852512803682833,-0.84404349330439343,-0.84925787210127268,-0.85429861553099962,-0.859120489591664,-0.863830458353211,-0.85042383594412807,-0.854686439282579,-0.85881445722801719,-0.84726177988469731,-0.85125339161270785,-0.854961136453602],"isRight":[1,1,0,0,1,1,1,1,1,0,0,1,1,1,1,1,1,1,1,1,1,1,1,0,0,1,1,1,1,1,1,1,1,0,1,1,0,1,1,1],"rawResponseString":[],"response":[2,2,2,2,4,2,3,1,1,1,1,2,2,1,2,2,4,3,4,1,4,2,2,2,1,3,3,2,4,2,1,4,4,2,4,2,1,2,2,2],"target":[2,2,4,3,4,2,3,1,1,4,4,2,2,1,2,2,4,3,4,1,4,2,2,3,3,3,3,2,4,2,1,4,4,3,4,2,4,2,2,2],"stimulusOnsetSec":[24852.384665381,24857.41835595,24861.151349626,24864.834117362,24868.667753839,24872.600675781,24876.384431091,24880.10135794,24883.617173619,24887.084917126,24890.700740389,24894.451273086,24898.233798655,24903.301188628,24906.850177194,24910.717234822,24914.467021757,24918.600906185,24922.335028552,24926.667850888,24930.167674091,24934.433519024,24938.450280569,24942.034539044,24945.717768705,24949.900585474,24953.950697249,24957.65092919,24961.217213351,24965.233767025,24968.934012485,24972.634020197,24976.600926625,24980.367321305,24984.217166411,24987.550422095,24991.483900914,24995.665895417,24999.367094788,25002.850510861],"responseTimeSec":[2.6017470219994721,1.303139547999308,1.2544294199979049,1.4159591640018334,1.5111329780011147,1.35845170399989,1.2972120180020283,1.0803860850028286,1.03814679000061,1.2096025179998833,1.2777696250013832,1.365553577998071,2.5911344249980175,1.1090106250012468,1.417827159002627,1.3038178930000868,1.6847693650015572,1.2979543689980346,1.889975231999415,1.0516008060003514,1.8298557529997197,1.5960049979985342,1.1321614580010646,1.2463208579974889,1.7470673630014062,1.6075065740005812,1.2440696959965862,1.1158550270010892,1.5734670839992759,1.2724743740000122,1.2512310420024733,1.5014518539974233,1.3278884589999507,1.3869197029998759,0.9040824120020261,1.4851510860025883,1.749578308998025,1.25210689099913,1.0278603800034034,1.1151800289990206]}