{"intensity":[-0.2806850923024497,-0.0037143500683746991,-0.0037143500683746991,-0.032288307077177635,-0.12512090393044067,-0.1836160913586006,-0.23212626184789523,-0.28137756323218888,-0.3433704905167021,-0.55263022302420128,-1.1027171089043892,-1.567216917678294,-1.0427461266839315,-1.2051815529229644,-1.2946938027528292,-1.3579915310727,-1.4097792189882454,-1.4532327633722966,-1.4908174884129768,-1.4044252068776495,-1.4274198168167855,-1.4473032893740267,-1.3995777132058553,-1.4153395825280344,-1.3770314705448083,-1.3907891939037491,-1.4024988781323375,-1.4128160350562711,-1.4221037173214448,-1.4306157377240218,-1.4384677050653676,-1.4458384952054837,-1.4528648006923774,-1.4593340770138892,-1.4655035322190288,-1.4715566227258745,-1.45507043164103,-1.4401875888161293,-1.4453572996313326,-1.4504785434562397],"isRight":[0,1,1,1,1,1,1,1,1,1,1,0,1,1,1,1,1,1,0,1,1,0,1,0,1,1,1,1,1,1,1,1,1,1,1,0,0,1,1,1],"rawResponseString":[],"response":[3,2,2,2,1,3,2,3,4,2,3,4,1,1,4,4,4,1,4,4,3,4,4,3,4,3,2,2,1,2,2,3,2,4,1,4,4,2,3,1],"target":[2,2,2,2,1,3,2,3,4,2,3,1,1,1,4,4,4,1,3,4,3,3,4,1,4,3,2,2,1,2,2,3,2,4,1,1,3,2,3,1],"stimulusOnsetSec":[1682.088140895,1686.537169362,1689.43745847,1692.254096774,1694.969986744,1697.686705902,1700.32045927,1702.953898745,1705.620800652,1708.104167349,1713.203768735,1774.019689483,1776.969685042,1779.869002025,1782.485698635,1784.985653611,1787.619734414,1790.168899853,1792.968778724,1795.653533725,1798.219654729,1801.05296767,1803.819520447,1806.419601423,1809.169429022,1811.702920941,1814.753082862,1817.519752998,1820.28624911,1823.503139583,1826.268244433,1828.969615843,1831.736039166,1834.319438207,1837.234813464,1840.201450538,1843.451745154,1846.618047142,1849.151401749,1851.868329832],"responseTimeSec":[2.8087196850001419,1.2677930029999516,1.1763459380001677,1.0722094290001678,1.0742949570001201,0.9986345079998955,1.0010938230000193,1.0336842829999568,0.84012931799998114,3.4616477530000793,59.173512550999931,1.3242402449998281,1.2582142399999157,0.97918438399983643,0.847683866999887,1.005890202999808,0.92650871799992274,1.1502022489999035,1.0404325330000574,0.90955546800000775,1.1955287900000258,1.1396311829998922,0.9631435579999561,1.1133919170001718,0.89250075599989032,1.4256127599999218,1.1308766680001554,1.1293079949998628,1.5803226210000503,1.1321469140000318,1.0604758739998488,1.1335881280001558,0.95073840600002768,1.2846996599998874,1.3401877329999934,1.6081163769999876,1.526342096999997,0.90974444199991922,1.0741002740001022,1.250385137999956]}