{
	"intensity": [-0.2806850923,-0.9806707518,-1.478105517,-1.850731711,-1.402283418,-0.9666138479,-1.129730646,-1.216858419,-1.277326414,-1.322617771,-1.357986937,-1.388204121,-1.414953547,-1.439093556,-1.463360188,-1.401954887,-1.360050823,-1.320082757,-1.334104956,-1.345951617,-1.356649323,-1.329838441,-1.301706681,-1.271572138,-1.282393086,-1.291757003,-1.300093726,-1.307560909,-1.314478922,-1.320759571,-1.32657605,-1.332187436,-1.337313563,-1.34230024,-1.328550731,-1.315150334,-1.320004057,-1.307032428,-1.294191847,-1.298760481],
	"isRight": [
		1,
		1,
		1,
		0,
		0,
		1,
		1,
		1,
		1,
		1,
		1,
		1,
		1,
		1,
		0,
		0,
		0,
		1,
		1,
		1,
		0,
		0,
		0,
		1,
		1,
		1,
		1,
		1,
		1,
		1,
		1,
		1,
		1,
		0,
		0,
		1,
		0,
		0,
		1,
		1
	],
	"rawResponseString": [],
	"response": [
		4,
		3,
		3,
		3,
		4,
		1,
		1,
		2,
		2,
		2,
		1,
		2,
		2,
		2,
		2,
		2,
		2,
		2,
		4,
		4,
		1,
		4,
		1,
		2,
		2,
		1,
		2,
		1,
		2,
		2,
		1,
		4,
		1,
		4,
		4,
		4,
		2,
		1,
		4,
		4
	],
	"target": [4,3,3,4,3,1,1,2,2,2,1,2,2,2,1,3,3,2,4,4,4,1,3,2,2,1,2,1,2,2,1,4,1,3,3,4,3,3,4,4],
	"stimulusOnsetSec": [31919.89664,31925.79676,31929.32876,31932.58,31935.81332,31938.83012,31941.84546,31945.34561,31948.46254,31951.49549,31955.11276,31958.17925,31961.96258,31965.59537,31968.87889,31972.22966,31975.47882,31978.74599,31981.84485,31985.09557,31988.429,31991.72891,31994.99555,31998.94544,32003.02877,32006.42891,32009.72784,32012.8442,32015.94545,32018.97869,32021.94552,32024.92887,32027.94516,32031.2451,32034.99529,32037.9953,32041.39484,32044.42767,32047.47839,32050.61175],
	"responseTimeSec": [3.982426724,1.612082441,1.320291404,1.317803594,1.099089047,1.104029645,1.581166874,1.204685668,1.113806777,1.692071533,1.145678592,1.873263427,1.726601832,1.368314447,1.434332253,1.34537444,1.345424759,1.17483733,1.331788703,1.401098811,1.374683578,1.348500713,2.027370515,2.17718461,1.475630166,1.388274928,1.178159577,1.182286031,1.129142907,1.048580045,1.064466278,1.10292695,1.390947836,1.823291084,1.084597889,1.472648544,1.10336503,1.12061631,1.209408335,1.150493097]
}
