{
	"intensity": [-0.2806850923,-0.9806707518,-0.2753953825,-0.4896830216,-0.2753953825,-0.3318357838,-0.3832620914,-0.2851791778,-0.2753953825,-0.2753953825,-0.2753953825,-0.2946459312,-0.3102366096,-0.3229382705,-0.2902339081,-0.301464259,-0.3110926357,-0.3196982367,-0.2968486288,-0.3048225868,-0.3118995163,-0.3184615666,-0.3246387509,-0.3073137446,-0.3131350705,-0.3184786412,-0.3038549918,-0.2886144707,-0.2938210861,-0.2986507473,-0.3032477156,-0.3075338787,-0.3117386749,-0.315609818,-0.3195098561,-0.3090398179,-0.3126627507,-0.3160733614,-0.3195356482,-0.322737247],
	"isRight": [
		1,
		0,
		1,
		0,
		1,
		1,
		0,
		0,
		1,
		1,
		1,
		1,
		1,
		0,
		1,
		1,
		1,
		0,
		1,
		1,
		1,
		1,
		0,
		1,
		1,
		0,
		0,
		1,
		1,
		1,
		1,
		1,
		1,
		1,
		0,
		1,
		1,
		1,
		1,
		0
	],
	"rawResponseString": [],
	"response": [
		1,
		2,
		4,
		4,
		4,
		4,
		2,
		2,
		1,
		4,
		4,
		1,
		1,
		1,
		2,
		3,
		3,
		2,
		2,
		2,
		2,
		4,
		4,
		3,
		4,
		4,
		3,
		1,
		2,
		4,
		2,
		3,
		4,
		3,
		2,
		2,
		2,
		1,
		2,
		2
	],
	"target": [1,1,4,2,4,4,4,4,1,4,4,1,1,3,2,3,3,3,2,2,2,4,3,3,4,3,1,1,2,4,2,3,4,3,1,2,2,1,2,1],
	"stimulusOnsetSec": [6566.429121,6570.045545,6573.012176,6575.911961,6578.7786,6581.680103,6584.512154,6587.478418,6590.479042,6593.361906,6596.363146,6599.213209,6602.062616,6605.012632,6608.428287,6611.561276,6614.678143,6617.778819,6620.995365,6623.844749,6626.978853,6630.094525,6633.21108,6636.127755,6639.011062,6641.895505,6645.044621,6648.477188,6651.3442,6654.2119,6657.445224,6660.293967,6663.128051,6666.011397,6669.093755,6672.028126,6674.910271,6677.827507,6680.659994,6683.71097],
	"responseTimeSec": [1.603749512,0.953604299,0.881337523,0.85134277,0.878532488,0.848841507,0.966416131,0.994322585,0.87162261,0.978851288,0.834053755,0.832896706,0.93539849,1.390918101,1.167310205,1.149945861,1.069912056,1.202172667,0.840096756,1.119276577,1.090172018,1.102726456,0.906978053,0.864603722,0.850459937,1.128468364,1.437742239,0.841744018,0.849381431,1.222794328,0.84143128,0.815079028,0.870766918,1.080540053,0.924599692,0.876304136,0.915258089,0.857134682,1.022653775,1.04485218]
}
