{
	"intensity": [-0.2806850923,-0.9806707518,-1.478105517,-1.850731711,-2.132119408,-1.762529865,-1.875273558,-1.941105441,-1.987476853,-1.891570774,-1.921868996,-1.944803697,-1.88903166,-1.907699151,-1.922978877,-1.884506786,-1.897551711,-1.864923204,-1.876683832,-1.887017231,-1.861157751,-1.870580405,-1.845880662,-1.854892587,-1.830941386,-1.805428169,-1.777631328,-1.788972846,-1.798221404,-1.806194014,-1.813345566,-1.819689266,-1.82545365,-1.830992927,-1.835946336,-1.840804259,-1.845188219,-1.849557547,-1.853547418,-1.842117275],
	"isRight": [
		1,
		1,
		1,
		1,
		0,
		1,
		1,
		1,
		0,
		1,
		1,
		0,
		1,
		1,
		0,
		1,
		0,
		1,
		1,
		0,
		1,
		0,
		1,
		0,
		0,
		0,
		1,
		1,
		1,
		1,
		1,
		1,
		1,
		1,
		1,
		1,
		1,
		1,
		0,
		1
	],
	"rawResponseString": [],
	"response": [
		2,
		3,
		2,
		1,
		1,
		4,
		1,
		4,
		4,
		3,
		4,
		3,
		2,
		1,
		3,
		4,
		3,
		3,
		4,
		4,
		2,
		4,
		4,
		3,
		3,
		3,
		4,
		1,
		3,
		2,
		2,
		2,
		2,
		4,
		4,
		1,
		2,
		3,
		2,
		1
	],
	"target": [2,3,2,1,2,4,1,4,1,3,4,4,2,1,4,4,4,3,4,1,2,1,4,4,4,1,4,1,3,2,2,2,2,4,4,1,2,3,4,1],
	"stimulusOnsetSec": [7323.231999,7330.830814,7333.615142,7336.498598,7339.331484,7342.280558,7345.180614,7348.080157,7350.963698,7353.880695,7356.698245,7359.981464,7362.847643,7365.797652,7369.047857,7371.881199,7375.097841,7378.046429,7381.163259,7384.013889,7386.813647,7389.713989,7392.597081,7395.646141,7398.513998,7401.313876,7405.147091,7407.930069,7410.795895,7413.680025,7416.546499,7419.413207,7422.278885,7425.445472,7428.328869,7431.228766,7434.146455,7436.979754,7439.89655,7442.995114],
	"responseTimeSec": [5.882365449,1.135577823,1.229149712,1.194173864,1.322642483,1.271649535,1.268076797,1.259004168,1.287889881,1.195362799,1.664672405,1.230816987,1.322411722,1.618193535,1.205608056,1.601233786,1.32960719,1.499540723,1.238519451,1.171762357,1.264767222,1.257120162,1.448226767,1.244142831,1.181834173,2.214896442,1.179301148,1.243654724,1.257409787,1.257970804,1.230483201,1.259198009,1.556437883,1.265506231,1.289946981,1.293381032,1.226217992,1.290328827,1.487704191,1.343889105]
}
