{
	"intensity": [-0.2806850923,-0.9806707518,-0.2628012302,-0.4845848532,-0.6087976938,-0.6995680119,-0.7692037508,-0.8253044169,-0.7123486828,-0.7451304293,-0.7715119935,-0.7928947174,-0.8112753733,-0.8277523086,-0.78602339,-0.7991958479,-0.8108087,-0.8212828773,-0.8309209647,-0.804947657,-0.813213524,-0.8209231029,-0.8281207397,-0.8349644927,-0.8157992923,-0.8221205728,-0.8278989228,-0.8334718892,-0.8179225623,-0.8231099699,-0.8279379248,-0.8326449585,-0.8370370867,-0.8249457821,-0.8291124395,-0.8175065494,-0.8061253176,-0.794844751,-0.7827369939,-0.7867693173],
	"isRight": [
		1,
		0,
		1,
		1,
		1,
		1,
		1,
		0,
		1,
		1,
		1,
		1,
		1,
		0,
		1,
		1,
		1,
		1,
		0,
		1,
		1,
		1,
		1,
		0,
		1,
		1,
		1,
		0,
		1,
		1,
		1,
		1,
		0,
		1,
		0,
		0,
		0,
		0,
		1,
		1
	],
	"rawResponseString": [],
	"response": [
		2,
		2,
		1,
		2,
		4,
		4,
		1,
		2,
		4,
		1,
		3,
		4,
		2,
		1,
		2,
		4,
		1,
		2,
		4,
		4,
		3,
		4,
		4,
		4,
		1,
		2,
		2,
		2,
		4,
		2,
		4,
		1,
		4,
		1,
		4,
		4,
		4,
		4,
		3,
		2
	],
	"target": [2,1,1,2,4,4,1,3,4,1,3,4,2,4,2,4,1,2,3,4,3,4,4,3,1,2,2,3,4,2,4,1,3,1,3,1,2,3,3,2],
	"stimulusOnsetSec": [31563.40205,31568.3018,31571.40178,31578.20152,31581.55086,31584.78492,31588.58486,31591.85176,31596.03466,31599.15166,31602.46691,31605.95085,31609.0509,31612.20149,31615.35005,31618.63362,31621.8673,31625.15042,31628.98335,31632.20021,31636.21694,31639.39995,31642.61707,31645.98388,31649.68367,31652.78268,31657.00026,31660.23272,31663.35027,31667.08366,31672.63368,31677.01689,31680.60004,31684.53279,31688.46688,31691.6502,31695.93236,31698.99965,31704.89882,31708.09998],
	"responseTimeSec": [2.958799646,1.176395198,4.870248277,1.428576814,1.321060236,1.868227719,1.339954319,2.26067852,1.192151572,1.386397784,1.553467212,1.163616277,1.242540114,1.218168896,1.381362272,1.293599161,1.340105652,1.918157121,1.288412412,2.078144422,1.253715672,1.293690313,1.431493926,1.787959437,1.173850724,2.287031806,1.304274088,1.183934254,1.805303899,3.626740938,2.477236455,1.657468122,2.01800474,2.017047988,1.249893968,2.355109964,1.149560939,3.965471232,1.278168771,1.392193324]
}
