{
	"intensity": [-0.2806850923,-0.9806707518,-1.478105517,-1.850731711,-2.132119408,-1.762529865,-1.875273558,-1.941105441,-1.816774727,-1.860389125,-1.88921905,-1.911495995,-1.929996417,-1.946332282,-1.961503067,-1.922497235,-1.934015186,-1.944386434,-1.95391358,-1.962810043,-1.938148164,-1.946001333,-1.953418481,-1.960231159,-1.941540367,-1.947699759,-1.953614936,-1.959124547,-1.96440059,-1.969411559,-1.974233318,-1.960469626,-1.947386228,-1.934809531,-1.939178824,-1.943357953,-1.931490894,-1.919750667,-1.907967663,-1.896161034],
	"isRight": [
		1,
		1,
		1,
		1,
		0,
		1,
		1,
		0,
		1,
		1,
		1,
		1,
		1,
		1,
		0,
		1,
		1,
		1,
		1,
		0,
		1,
		1,
		1,
		0,
		1,
		1,
		1,
		1,
		1,
		1,
		0,
		0,
		0,
		1,
		1,
		0,
		0,
		0,
		0,
		1
	],
	"rawResponseString": [],
	"response": [
		4,
		2,
		1,
		4,
		1,
		1,
		2,
		1,
		4,
		4,
		2,
		4,
		3,
		2,
		2,
		1,
		4,
		4,
		2,
		1,
		2,
		2,
		2,
		3,
		1,
		3,
		3,
		1,
		3,
		3,
		4,
		4,
		1,
		4,
		3,
		1,
		3,
		4,
		3,
		3
	],
	"target": [4,2,1,4,4,1,2,2,4,4,2,4,3,2,4,1,4,4,2,4,2,2,2,2,1,3,3,1,3,3,1,2,3,4,3,4,1,2,4,3],
	"stimulusOnsetSec": [6823.024103,6826.507934,6829.374191,6832.191786,6835.191506,6838.325138,6841.107088,6844.441481,6847.923603,6850.889909,6853.706989,6856.574718,6859.391298,6862.424638,6865.339949,6868.189847,6871.02314,6873.973072,6877.307643,6880.106277,6883.172805,6886.472694,6889.373623,6892.205972,6895.006825,6897.872663,6900.922429,6903.839827,6906.70616,6909.505693,6912.490187,6915.738892,6918.522208,6921.271965,6924.455448,6927.52331,6930.789612,6933.606159,6936.638525,6939.521822],
	"responseTimeSec": [1.802789118,1.218829,1.192780896,1.391662369,1.505009921,1.163078122,1.692313804,1.846134915,1.3424884,1.178412654,1.26229969,1.200145683,1.439823596,1.291424908,1.223507164,1.219656394,1.324451636,1.732690532,1.180569497,1.432584805,1.668278782,1.277238254,1.23670002,1.174323269,1.248608083,1.445825457,1.279571917,1.255072287,1.164610424,1.367476847,1.642526798,1.160029639,1.150622527,1.5534912,1.435959222,1.655642329,1.192799429,1.404006913,1.258160953,1.434217921]
}
