{"intensity":[-0.2806850923024497,-0.98067075175288665,-1.4781055166573369,-1.8507317113546389,-1.40228341819231,-1.5415899936887483,-1.6170909991713414,-1.6721894437076132,-1.716012050656113,-1.7545031760820939,-1.6674563395252919,-1.6011937444512863,-1.6238966795196232,-1.6418853459603535,-1.5969848135643967,-1.5525433756774241,-1.5692342211747579,-1.5827401269089787,-1.5940857550231522,-1.6040093292291464,-1.5769663834073091,-1.586226934461048,-1.5945780177760385,-1.6019921292779056,-1.6088743326437112,-1.6153147349811223,-1.6215054604070032,-1.6271436677281743,-1.6118661903726643,-1.6171080491593885,-1.6028624161816727,-1.6078053580629603,-1.6125908025199822,-1.6170235087501528,-1.6214078083083894,-1.6094164675055795,-1.6134721228442381,-1.6173200176539324,-1.6066730823997848,-1.5960740718785087],"isRight":[1,1,1,0,1,1,1,1,1,0,0,1,1,0,0,1,1,1,1,0,1,1,1,1,1,1,1,0,1,0,1,1,1,1,0,1,1,0,0,1],"rawResponseString":[],"response":[2,1,1,2,3,3,4,2,1,3,3,1,2,2,2,2,4,1,4,4,1,1,3,1,1,3,4,4,3,2,3,3,3,3,3,2,3,3,2,2],"target":[2,1,1,1,3,3,4,2,1,4,2,1,2,3,3,2,4,1,4,3,1,1,3,1,1,3,4,1,3,4,3,3,3,3,2,2,3,1,4,2],"stimulusOnsetSec":[5510.389329528,5515.989224942,5520.006182978,5523.68999182,5527.872551546,5531.990384855,5535.772298048,5539.939983075,5543.472356299,5547.538348676,5551.455866101,5555.023179408,5558.755884433,5562.705275295,5566.789927227,5570.755776332,5574.689561315,5578.556788883,5582.1565028,5586.221842759,5590.888702276,5594.472644836,5598.255062443,5602.089403709,5606.189227844,5609.889034816,5614.07249058,5617.772493162,5622.056118435,5626.471586966,5630.171397467,5634.037945974,5637.588093513,5641.238046347,5644.987893544,5648.73787199,5652.705471362,5656.622491731,5662.404691505,5666.488576181],"responseTimeSec":[3.1540229590000308,1.5946684840000671,1.2776098550002644,1.7464029160000791,1.709332290999555,1.3716403789994729,1.7539507299998149,1.1145958520000931,1.6357069440000487,1.5041326359996674,1.1152583810007854,1.2866192589999628,1.5137782589999915,1.6783347639993735,1.5165859500002625,1.4655248469998696,1.4456496180000613,1.186546437999823,1.6606267139995907,2.2656090360005692,1.1451602699999057,1.3377495089998774,1.3844957500004966,1.6401259120002578,1.2789618750002774,1.7683241679997082,1.2697982730005606,1.87873594300072,1.948812984000142,1.2786509389998173,1.4530219999996916,1.1227058900003613,1.1766924809999182,1.3402429280004071,1.3015172159994108,1.545618285999808,1.4763015030002862,3.3607004099994811,1.6810275769994405,1.8524443260002954]}