{
	"intensity": [-0.2806850923,-0.9806707518,-1.478105517,-1.850731711,-2.132119408,-1.762529865,-1.424051607,-1.553274999,-1.346023706,-1.434042937,-1.477753435,-1.507790099,-1.53140925,-1.55127065,-1.50170534,-1.516797325,-1.47966948,-1.492673731,-1.503778212,-1.513604737,-1.522520844,-1.530764275,-1.538433286,-1.545691155,-1.552663388,-1.559115381,-1.565329617,-1.571459862,-1.57718795,-1.582894353,-1.58832155,-1.593755367,-1.599008999,-1.604315547,-1.609524804,-1.614858484,-1.620175173,-1.625723848,-1.631650525,-1.637701882],
	"isRight": [
		1,
		1,
		1,
		1,
		0,
		0,
		1,
		0,
		1,
		1,
		1,
		1,
		1,
		0,
		1,
		0,
		1,
		1,
		1,
		1,
		1,
		1,
		1,
		1,
		1,
		1,
		1,
		1,
		1,
		1,
		1,
		1,
		1,
		1,
		1,
		1,
		1,
		1,
		1,
		1
	],
	"rawResponseString": [],
	"response": [
		4,
		4,
		4,
		1,
		1,
		1,
		2,
		1,
		2,
		4,
		3,
		2,
		3,
		2,
		4,
		2,
		3,
		2,
		3,
		1,
		2,
		3,
		4,
		3,
		1,
		1,
		1,
		1,
		3,
		4,
		1,
		3,
		4,
		3,
		2,
		1,
		4,
		3,
		4,
		4
	],
	"target": [4,4,4,1,3,4,2,4,2,4,3,2,3,1,4,4,3,2,3,1,2,3,4,3,1,1,1,1,3,4,1,3,4,3,2,1,4,3,4,4],
	"stimulusOnsetSec": [30522.14941,30527.86606,30532.74958,30536.93273,30549.78258,30553.866,30557.9495,30561.76587,30567.43238,30571.24907,30576.1822,30580.34902,30584.89922,30589.23252,30593.18243,30597.08103,30602.21452,30606.36474,30617.73107,30621.76496,30625.63127,30630.23138,30634.09799,30637.94798,30643.44799,30647.24785,30651.11453,30654.96461,30658.99817,30663.73101,30668.24776,30672.21358,30676.08111,30679.93122,30683.89783,30687.92941,30692.04747,30695.96278,30699.81344,30703.7969],
	"responseTimeSec": [3.230131441,2.391968602,1.70050982,10.37722477,1.580754854,1.601639736,1.323537304,3.178160292,1.365665257,2.453517351,1.665387296,2.064420628,1.851928201,1.478304504,1.414103346,2.626283299,1.662845929,8.8966475,1.542280757,1.40665344,2.128862143,1.388866253,1.357441507,3.01836892,1.350767573,1.392139817,1.379481435,1.543551458,2.249319752,2.034093557,1.466210927,1.38047198,1.364007368,1.4776105,1.538136059,1.609865217,1.45121709,1.357651008,1.490228227,1.418276362]
}
