{
	"intensity": [-0.2806850923,-0.9806707518,-1.478105517,-1.850731711,-1.402283418,-1.541589994,-1.322649852,-1.412471545,-1.457984668,-1.368110585,-1.403679917,-1.426880137,-1.374826456,-1.394497644,-1.347307273,-1.365495008,-1.325004657,-1.341845728,-1.302584141,-1.252017784,-1.274162712,-1.289228696,-1.301052203,-1.310860392,-1.319387523,-1.296996847,-1.305162523,-1.312534735,-1.319059397,-1.325071779,-1.330836766,-1.336011167,-1.341081993,-1.345689801,-1.35028483,-1.354469402,-1.358496446,-1.362440708,-1.351376718,-1.340531055],
	"isRight": [
		1,
		1,
		1,
		0,
		1,
		0,
		1,
		1,
		0,
		1,
		1,
		0,
		1,
		0,
		1,
		0,
		1,
		0,
		0,
		1,
		1,
		1,
		1,
		1,
		0,
		1,
		1,
		1,
		1,
		1,
		1,
		1,
		1,
		1,
		1,
		1,
		1,
		0,
		0,
		1
	],
	"rawResponseString": [],
	"response": [
		1,
		2,
		1,
		4,
		3,
		4,
		4,
		3,
		3,
		3,
		3,
		3,
		3,
		3,
		2,
		3,
		3,
		3,
		3,
		3,
		3,
		1,
		2,
		3,
		2,
		1,
		4,
		4,
		3,
		3,
		1,
		3,
		3,
		2,
		1,
		3,
		1,
		1,
		3,
		3
	],
	"target": [1,2,1,3,3,2,4,3,4,3,3,1,3,1,2,1,3,2,2,3,3,1,2,3,1,1,4,4,3,3,1,3,3,2,1,3,1,2,1,3],
	"stimulusOnsetSec": [7671.675159,7674.891716,7677.175135,7680.774913,7683.208206,7685.657747,7688.290335,7690.773736,7693.040199,7695.4732,7698.323958,7700.690907,7702.991313,7705.557946,7707.824588,7710.157806,7712.374024,7714.607592,7716.874126,7719.156724,7721.690555,7723.939722,7726.189241,7728.422837,7730.640687,7732.873962,7735.440617,7737.707135,7740.006577,7742.50716,7745.023498,7747.607047,7749.872918,7752.272334,7754.523625,7756.756788,7759.08891,7761.555539,7763.921877,7766.272098],
	"responseTimeSec": [1.92880376,0.9738536,2.334029889,1.148369822,1.155110659,1.33163888,1.188199824,0.973807946,1.140202323,1.552294093,1.080886688,1.00888114,1.262622903,0.970958111,1.021815464,0.932746276,0.942733039,0.986652876,0.978646345,1.232419445,0.951314402,0.943814452,0.945081684,0.944920317,0.957385716,1.267419032,0.997823436,1.000634723,1.211257123,1.246993863,1.28790652,0.985992347,1.091549792,0.957935317,0.944219423,1.04473124,1.183886387,1.067040701,1.043275873,0.933878849]
}
