{"intensity":[-0.2806850923024497,-0.007250018741375366,-0.007250018741375366,-0.035541718281051252,-0.13087637757390211,-0.18815492510346132,-0.23751590890429342,-0.28873783634890771,-0.35666574762220871,-0.6461895182855808,-1.2101433806177384,-1.6484839009487522,-1.1458232652117593,-0.62420792477854858,-0.81884011416674984,-0.93053126752003179,-1.0034969813684953,-1.0550415558489097,-0.950628138543813,-0.85030252653612637,-0.88728611516820854,-0.81150123090750248,-0.84082083573271227,-0.861803521183129,-0.87841711279737922,-0.837826690312646,-0.85235239477915448,-0.86441974905253882,-0.87490427050793151,-0.88426855373733559,-0.85839946900614694,-0.83342536976979464,-0.84221440284617555,-0.85015872161550976,-0.85735763829234934,-0.86410247044575317,-0.84550214940362189,-0.85192157142079827,-0.85769734529700181,-0.86320707274930664],"isRight":[0,1,1,1,1,1,1,1,1,1,1,0,0,1,1,1,1,0,0,1,0,1,1,1,0,1,1,1,1,0,0,1,1,1,1,0,1,1,1,1],"rawResponseString":[],"response":[3,4,1,4,1,4,2,2,4,4,2,1,1,1,2,1,2,2,3,3,4,3,3,2,4,2,1,1,1,2,3,3,2,2,2,3,2,1,2,2],"target":[4,4,1,4,1,4,2,2,4,4,2,4,3,1,2,1,2,1,2,3,3,3,3,2,1,2,1,1,1,1,2,3,2,2,2,4,2,1,2,2],"stimulusOnsetSec":[24200.791997959,24206.243389983,24210.375295776,24213.85846898,24218.508357108,24222.075001821,24225.775056722,24229.459552056,24233.125550182,24236.858901055,24241.374823245,24245.209442897,24249.125506962,24252.791491569,24256.558841802,24260.608986296,24264.608588856,24269.875525386,24273.492151636,24277.175205936,24281.992013746,24286.441842389,24290.208821955,24293.525152439,24297.158279176,24301.624609794,24305.175242494,24309.041168094,24312.490547294,24315.841796039,24320.025104281,24324.457111208,24330.024139158,24333.807714031,24337.158408631,24340.875059694,24344.307793816,24348.006598753,24351.791065893,24355.773757506],"responseTimeSec":[3.036880472998746,1.6973830080023617,1.0493814199980989,2.2471097390007344,1.1381132089991297,1.3362922930027707,1.245723217001796,1.2330230949992256,1.2813093639997533,2.0855876480018196,1.3911581819993444,1.4862626329995692,1.2251512729999376,1.3483460110001033,1.6176874759985367,1.5358960810008284,2.7846212379990902,1.0961084349983139,1.2719998149987077,2.3702204569999594,2.0101328130003822,1.3426690790001885,0.899415552001301,1.2166904750010872,2.0457799569994677,1.1065647870018438,1.4291007800020452,0.99475557299956563,0.91648793800050044,1.7576696399992215,2.0007834799980628,3.1155390159983654,1.3422776850020455,0.889638479999121,1.2651659049988666,0.9805585770009202,1.2742843160012853,1.3389017369991052,1.5511327659987728,1.4287431030024891]}