{
	"intensity": [-0.2806850923,-0.9806707518,-0.2628012302,-0.4845848532,-0.2627751969,-0.320890941,-0.3722701314,-0.4058062099,-0.4334570946,-0.3687699179,-0.3138391055,-0.3347244772,-0.3501062036,-0.3628976914,-0.3739697895,-0.3838954149,-0.3930066164,-0.4015163156,-0.4095524844,-0.4171900967,-0.424586379,-0.4315142191,-0.4382590885,-0.4449242977,-0.4513064758,-0.4576488571,-0.4640834993,-0.4703591921,-0.476767817,-0.4834653783,-0.464403907,-0.4693633324,-0.4743189473,-0.4600687042,-0.4643559813,-0.4685341489,-0.4727242287,-0.4767442874,-0.4808682938,-0.4847967114],
	"isRight": [
		1,
		0,
		1,
		0,
		1,
		1,
		1,
		1,
		0,
		0,
		1,
		1,
		1,
		1,
		1,
		1,
		1,
		1,
		1,
		1,
		1,
		1,
		1,
		1,
		1,
		1,
		1,
		1,
		1,
		0,
		1,
		1,
		0,
		1,
		1,
		1,
		1,
		1,
		1,
		0
	],
	"rawResponseString": [],
	"response": [
		4,
		3,
		2,
		3,
		3,
		1,
		2,
		2,
		3,
		2,
		1,
		1,
		2,
		4,
		2,
		2,
		4,
		4,
		4,
		2,
		1,
		2,
		4,
		3,
		2,
		4,
		3,
		2,
		3,
		2,
		1,
		2,
		3,
		1,
		4,
		3,
		2,
		1,
		3,
		4
	],
	"target": [4,1,2,4,3,1,2,2,4,1,1,1,2,4,2,2,4,4,4,2,1,2,4,3,2,4,3,2,3,1,1,2,4,1,4,3,2,1,3,1],
	"stimulusOnsetSec": [7570.576912,7573.609974,7576.142205,7578.676766,7580.910084,7583.35892,7585.775682,7588.008964,7590.559121,7592.858887,7595.55884,7597.85961,7600.326205,7602.592896,7605.0931,7607.625894,7610.193105,7612.676446,7614.892959,7617.40971,7619.941588,7622.30904,7624.675776,7627.09255,7629.409092,7631.926064,7634.192567,7636.475742,7639.04135,7641.257887,7643.742343,7646.124444,7648.374272,7650.875226,7653.37555,7655.640964,7657.924296,7660.208638,7662.640828,7665.024073],
	"responseTimeSec": [1.725128961,1.226840459,1.24378338,0.936186097,1.158916384,1.122296708,0.935213049,1.25508765,1.005198158,1.391095542,1.008296907,1.161317251,0.965832128,1.219158992,1.243511952,1.258529406,1.173127023,0.920943398,1.209365035,1.248688419,1.07795255,1.078107378,1.118369951,1.02037986,1.21606509,0.960742959,0.978102773,1.297281307,0.928775153,1.184422126,1.056687403,0.952134388,1.200717453,1.222155164,0.985188267,0.985758906,0.981564122,1.143770524,1.121375367,1.521941741]
}
