{
	"intensity": [-0.2806850923,-0.9806707518,-0.2628012302,-0.4845848532,-0.6087976938,-0.4093002204,-0.4710740019,-0.5111488413,-0.5418539206,-0.5673901521,-0.5902571774,-0.5345447163,-0.5506256916,-0.5648192726,-0.577346015,-0.5891175849,-0.5999476429,-0.5713043165,-0.5803330538,-0.5886693975,-0.5663972941,-0.5739993887,-0.5809053464,-0.5873704227,-0.5935814119,-0.5993549927,-0.6048655132,-0.5891596147,-0.5744392974,-0.5794463247,-0.5841938905,-0.5887020587,-0.5930652769,-0.5971724113,-0.6012707651,-0.6050645058,-0.5946875658,-0.598304915,-0.6018831697,-0.6052310694],
	"isRight": [
		1,
		0,
		1,
		1,
		0,
		1,
		1,
		1,
		1,
		1,
		0,
		1,
		1,
		1,
		1,
		1,
		0,
		1,
		1,
		0,
		1,
		1,
		1,
		1,
		1,
		1,
		0,
		0,
		1,
		1,
		1,
		1,
		1,
		1,
		1,
		0,
		1,
		1,
		1,
		1
	],
	"rawResponseString": [],
	"response": [
		2,
		3,
		4,
		2,
		4,
		2,
		1,
		3,
		2,
		1,
		2,
		1,
		4,
		4,
		2,
		4,
		3,
		4,
		4,
		2,
		2,
		3,
		4,
		4,
		1,
		1,
		1,
		2,
		4,
		4,
		2,
		3,
		4,
		3,
		4,
		2,
		1,
		4,
		3,
		3
	],
	"target": [2,4,4,2,3,2,1,3,2,1,1,1,4,4,2,4,4,4,4,3,2,3,4,4,1,1,3,1,4,4,2,3,4,3,4,4,1,4,3,3],
	"stimulusOnsetSec": [4544.769402,4556.951458,4560.819145,4564.452256,4567.318734,4570.535496,4573.367685,4577.217741,4580.218613,4583.384148,4587.185169,4590.33519,4593.300591,4597.084047,4601.201744,4661.883023,4665.015975,4668.099061,4671.182605,4674.1823,4677.383709,4680.250451,4683.216597,4686.532196,4690.549058,4693.616134,4696.86645,4700.232943,4704.58187,4707.999812,4711.13165,4714.031797,4716.931725,4719.999667,4723.182508,4726.698205,4729.999463,4732.882512,4735.816026,4738.947809],
	"responseTimeSec": [10.10232995,1.875736681,1.643303546,0.875642785,1.212598098,0.838522851,1.856069107,1.000134712,1.180947025,1.798126045,1.15022772,0.969392045,1.791967411,2.130917103,58.66564706,1.102686764,1.071123261,1.095277157,0.985119193,1.217878749,0.872705588,0.966339111,1.294206811,2.029860795,1.065110782,1.259439117,1.380356167,2.363753645,1.41649739,1.098916613,0.878306771,0.911829505,1.074167907,1.187902623,1.518255672,1.311167715,0.883877955,0.939935755,1.109129024,0.934710145]
}
