{
	"intensity": [-0.2806850923,-0.9806707518,-0.2628012302,-0.4845848532,-0.6087976938,-0.6995680119,-0.5370742317,-0.5861239167,-0.6213174792,-0.5440191391,-0.4642789347,-0.4940816567,-0.5152616371,-0.5325228674,-0.5466348025,-0.5592245113,-0.5703529435,-0.5804248879,-0.5897234563,-0.5984200257,-0.5751871362,-0.5829113201,-0.5899544181,-0.5707611946,-0.5771296268,-0.5832388397,-0.5888858115,-0.5942902502,-0.5790031712,-0.5840166189,-0.5887477174,-0.5756443149,-0.5630159826,-0.5674571391,-0.5552553362,-0.5431641593,-0.5301698586,-0.5169539214,-0.5036496772,-0.508450058],
	"isRight": [
		1,
		0,
		1,
		1,
		1,
		0,
		1,
		1,
		0,
		0,
		1,
		1,
		1,
		1,
		1,
		1,
		1,
		1,
		1,
		0,
		1,
		1,
		0,
		1,
		1,
		1,
		1,
		0,
		1,
		1,
		0,
		0,
		1,
		0,
		0,
		0,
		0,
		0,
		1,
		1
	],
	"rawResponseString": [],
	"response": [
		2,
		4,
		2,
		2,
		1,
		4,
		3,
		1,
		3,
		4,
		2,
		2,
		1,
		1,
		4,
		1,
		1,
		1,
		1,
		2,
		1,
		1,
		1,
		3,
		1,
		1,
		4,
		3,
		2,
		4,
		2,
		4,
		2,
		3,
		3,
		2,
		3,
		3,
		3,
		1
	],
	"target": [2,1,2,2,1,3,3,1,1,3,2,2,1,1,4,1,1,1,1,1,1,1,3,3,1,1,4,4,2,4,4,2,2,1,1,3,1,4,3,1],
	"stimulusOnsetSec": [6309.200945,6312.767068,6316.317636,6319.20058,6322.250551,6325.166839,6328.233765,6331.085059,6334.25035,6337.234761,6340.567898,6343.716813,6346.650057,6349.517615,6352.583339,6355.50082,6359.549708,6362.533081,6365.633844,6368.500959,6371.600496,6374.466121,6377.349384,6380.266864,6383.61681,6386.633615,6389.632735,6393.666958,6396.666812,6400.050147,6403.282299,6406.199665,6409.498876,6412.466315,6415.866696,6418.915324,6421.84862,6424.881871,6427.931676,6431.114975],
	"responseTimeSec": [1.545391511,1.536358726,0.864128297,1.016269414,0.893976751,1.072038805,0.834313509,1.137277442,0.970821089,1.31857611,1.13926737,0.911426395,0.854361323,1.05581188,0.886030411,2.037494228,0.95564923,1.093646858,0.849438814,1.085752728,0.845445181,0.855630152,0.913189626,1.32482132,1.002422605,0.978512395,2.021511656,0.986823249,1.371826337,1.211255893,0.914248722,1.284802062,0.952352788,1.383220651,1.020614823,0.914681567,1.016304166,1.044104407,1.182456695,0.841706763]
}
