{"intensity":[-0.2806850923024497,-0.98067075175288665,-1.4781055166573369,-0.92678880261818486,-0.337883416150052,-0.55891871590963638,-0.26759960413010819,-0.38069292738019989,-0.43261056111368179,-0.46874861647868887,-0.49881127170368444,-0.52539237088818269,-0.55025250846653317,-0.57338377359750048,-0.51459828652862871,-0.52941201964346563,-0.54302016798794561,-0.55532369654506586,-0.56712563076373157,-0.578181862974849,-0.54922104020177476,-0.55813662189770108,-0.56647675590651192,-0.57437005293566945,-0.58162420829279526,-0.58855870513623243,-0.59526605557025447,-0.60186221276314522,-0.60805497344849335,-0.590935790085782,-0.59629533597493434,-0.60161651052522591,-0.6065727216548451,-0.61153553411960182,-0.61618911141213961,-0.62090505607021307,-0.62534789858914164,-0.62990245103192777,-0.63423528932116413,-0.63849331408911691],"isRight":[1,1,0,0,1,0,1,1,1,1,1,1,1,0,1,1,1,1,1,0,1,1,1,1,1,1,1,1,0,1,1,1,1,1,1,1,1,1,1,1],"rawResponseString":[],"response":[3,4,4,2,1,2,2,4,1,4,2,1,3,4,3,3,1,1,4,4,2,2,2,2,4,3,4,1,4,4,2,3,3,2,2,2,3,2,4,2],"target":[3,4,2,1,1,1,2,4,1,4,2,1,3,3,3,3,1,1,4,2,2,2,2,2,4,3,4,1,3,4,2,3,3,2,2,2,3,2,4,2],"stimulusOnsetSec":[322.552762511,327.619949076,331.119279993,334.352877162,337.75282451,340.952795711,344.652845261,347.852954772,351.319680407,355.001538229,358.351407522,361.718258703,365.234659433,369.584750907,374.20120885,378.534675387,382.401253504,386.45140777,392.769225967,396.134657351,401.785532738,405.05102172,408.250881342,412.218622862,415.518242443,418.667182883,422.102224736,425.550843704,429.401499751,433.16810286,436.535226334,439.801886805,443.301494458,447.217188564,450.467100549,453.667125631,456.918084106,460.450417531,463.616708626,467.150278709],"responseTimeSec":[2.952569761999996,1.3923307430000023,1.1493942699999593,1.289586174999954,1.1054538300000445,1.5946965179999779,1.0971711710000136,1.3704155300000025,1.5760084819999634,1.2477557999999931,1.2645801600000368,1.4140187830000173,2.2510030440000151,2.5275411599999984,2.2406050519999781,1.764284938000003,1.9624606859999858,4.2214959570000019,1.2737260540000079,3.5491042749999906,1.157237164000037,1.1059467179999842,1.877689810999982,1.2167615379999575,1.0502796179999905,1.3266685720000169,1.3409082960000092,1.7389649429999849,1.6716930139999704,1.2831081209999979,1.1636846079999827,1.4019599140000309,1.8102611200000069,1.1535101309999618,1.0956180420000123,1.1522963460000142,1.4378848500000458,1.0789645289999612,1.4359897439999827,1.3454042889999869]}