{
	"intensity": [-0.2806850923,-0.9806707518,-0.2628012302,-0.4845848532,-0.6087976938,-0.6995680119,-0.5370742317,-0.5861239167,-0.6213174792,-0.6485352604,-0.6716304471,-0.6155240502,-0.63311935,-0.6477313941,-0.660870665,-0.6271146823,-0.6383678117,-0.6483740258,-0.6574568224,-0.6338391307,-0.6095604916,-0.6178112625,-0.6253588813,-0.6323914672,-0.6387296673,-0.6446929222,-0.6502608311,-0.6554898851,-0.660664009,-0.6653950379,-0.6701349425,-0.6744846396,-0.6786818484,-0.6828000358,-0.6711857506,-0.674962811,-0.6786318457,-0.6683760015,-0.6583309487,-0.6618587333],
	"isRight": [
		1,
		0,
		1,
		1,
		1,
		0,
		1,
		1,
		1,
		1,
		0,
		1,
		1,
		1,
		0,
		1,
		1,
		1,
		0,
		0,
		1,
		1,
		1,
		1,
		1,
		1,
		1,
		1,
		1,
		1,
		1,
		1,
		1,
		0,
		1,
		1,
		0,
		0,
		1,
		1
	],
	"rawResponseString": [],
	"response": [
		4,
		3,
		4,
		2,
		3,
		1,
		3,
		1,
		4,
		1,
		1,
		2,
		2,
		1,
		4,
		4,
		2,
		4,
		3,
		3,
		4,
		2,
		2,
		3,
		4,
		4,
		4,
		2,
		3,
		2,
		3,
		3,
		3,
		3,
		1,
		2,
		4,
		4,
		3,
		3
	],
	"target": [4,4,4,2,3,4,3,1,4,1,2,2,2,1,3,4,2,4,2,4,4,2,2,3,4,4,4,2,3,2,3,3,3,1,1,2,3,1,3,3],
	"stimulusOnsetSec": [4790.430408,4794.830267,4797.997681,4803.563147,4806.381243,4809.596457,4813.364415,4816.730657,4819.847407,4842.545704,4845.447015,4849.145913,4852.262541,4855.230142,4858.078927,4861.363626,4864.780107,4867.795523,4870.778808,4874.011735,4877.012291,4880.028666,4883.029681,4885.861847,4889.078484,4892.128267,4895.311487,4898.494994,4901.396127,4904.378244,4907.444689,4910.745496,4913.829018,4916.777833,4919.911181,4923.611928,4926.762419,4929.645134,4933.428611,4936.528874],
	"responseTimeSec": [2.342472298,1.130913051,3.540204694,0.793091536,1.193862129,1.746424235,1.342889351,1.097634196,20.67979406,0.900093604,1.683013095,1.092054721,0.966583641,0.840379175,1.2539699,1.389775477,1.000983705,0.985803793,1.208512395,0.963214486,0.993575213,0.969866632,0.809179463,1.210753351,1.042306984,1.15224513,1.159348387,0.884578037,0.973344343,1.053726564,1.296264746,1.065724572,0.943840815,1.132626515,1.691951993,1.124137154,0.875858446,1.778864526,1.067606307,1.086342396]
}
