{"intensity":[-0.2806850923024497,-0.98067075175288665,-1.4781055166573369,-1.8507317113546389,-2.1321194081475,-2.3452472052023317,-2.04531323443962,-1.7835131036012606,-1.4577892768227818,-1.5841307006428706,-1.3814176631828132,-1.0419871947481987,-1.1894982381459331,-0.97135314315120014,-0.51230339628294963,-0.73820204723116678,-0.844788963825199,-0.90102774549341791,-0.93791083287534061,-0.9656949119588969,-0.98860077783257294,-1.0082833321415334,-0.95985560799971248,-0.97464822331552614,-0.93618445489901814,-0.94924287738667723,-0.9604088966407055,-0.970273292532277,-0.97918103328889838,-0.955552538090684,-0.9637796915204716,-0.97111709783899336,-0.95108509674262265,-0.95789908579110927,-0.96428542202047862,-0.94654505761421159,-0.95262835885933184,-0.95814983354998651,-0.94313375572560465,-0.927317077877214],"isRight":[1,1,1,1,1,0,0,0,1,0,0,1,0,0,1,1,1,1,1,1,1,0,1,0,1,1,1,1,0,1,1,0,1,1,0,1,1,0,0,1],"rawResponseString":[],"response":[2,1,1,1,1,1,2,2,2,1,2,1,1,1,4,1,1,2,1,4,3,4,2,1,2,2,4,4,4,3,4,3,4,1,2,1,3,2,2,1],"target":[2,1,1,1,1,4,4,4,2,2,3,1,3,3,4,1,1,2,1,4,3,3,2,2,2,2,4,4,1,3,4,4,4,1,4,1,3,3,3,1],"stimulusOnsetSec":[24611.553756054,24617.303719785,24620.886968263,24624.838199496,24628.453544089,24632.636844776,24636.80355476,24640.804248173,24645.271243349,24649.604077227,24653.970497726,24657.353395215,24661.903439633,24665.587416757,24669.587241434,24673.904122275,24677.536302114,24681.05404917,24684.904033042,24688.386601277,24692.670726808,24696.487401968,24700.986081829,24704.670565059,24708.436167058,24712.237061795,24716.137315872,24720.185737733,24724.470114759,24728.669115492,24732.336302011,24736.153425265,24740.019079322,24744.219992373,24747.918927991,24752.602999331,24756.285777902,24763.735224842,24767.736814591,24772.453015273],"responseTimeSec":[3.3095870680008375,1.1190893090024474,1.5050295420005568,1.1868411130017193,1.7302903380004864,1.7165381590020843,1.5415151060005883,2.0245910640005604,1.8918182799970964,1.9068873249998433,0.94514434499797062,2.1187155869993148,1.2389109210016613,1.5154232819986646,1.8534781609996571,1.1813106670015259,1.0479779759989469,1.3886532459982845,1.0512092749995645,1.8276837339981284,1.3762986530018679,2.0542650829993363,1.2421077940016403,1.3147226000000956,1.3500278360006632,1.4501063770003384,1.6156758829965838,1.8250347839966707,1.7460924250008247,1.2105312950006919,1.3539573710004333,1.4036586549991625,1.7730730040020717,1.2369720690003305,2.2009177140025713,1.2323912450010539,4.996659844997339,1.5810644760022114,2.25848837599915,1.3639323799980048]}