{
	"intensity": [-0.2806850923,-0.9806707518,-0.2628012302,-0.4845848532,-0.6087976938,-0.6995680119,-0.7692037508,-0.8253044169,-0.8734910956,-0.9151326336,-0.9561084773,-0.9989633744,-1.051692061,-1.175410911,-1.537933997,-1.894365753,-1.453990854,-1.076154672,-1.134585795,-1.22142934,-1.296270879,-1.35056776,-1.39083924,-1.423212705,-1.450720389,-1.475867627,-1.50044537,-1.439917942,-1.396738015,-1.355984279,-1.313542977,-1.329748412,-1.342873094,-1.309492947,-1.321580376,-1.331738262,-1.34064791,-1.348634074,-1.355969357,-1.336860028],
	"isRight": [
		1,
		0,
		1,
		1,
		1,
		1,
		1,
		1,
		1,
		1,
		1,
		1,
		1,
		1,
		1,
		0,
		0,
		1,
		1,
		1,
		1,
		1,
		1,
		1,
		1,
		1,
		0,
		0,
		0,
		0,
		1,
		1,
		0,
		1,
		1,
		1,
		1,
		1,
		0,
		1
	],
	"rawResponseString": [],
	"response": [
		1,
		2,
		2,
		1,
		1,
		2,
		1,
		3,
		1,
		1,
		4,
		1,
		2,
		3,
		2,
		2,
		2,
		1,
		2,
		1,
		4,
		1,
		2,
		2,
		2,
		4,
		2,
		4,
		4,
		4,
		1,
		4,
		4,
		2,
		2,
		4,
		1,
		1,
		2,
		2
	],
	"target": [1,1,2,1,1,2,1,3,1,1,4,1,2,3,2,1,4,1,2,1,4,1,2,2,2,4,1,2,1,2,1,4,2,2,2,4,1,1,3,2],
	"stimulusOnsetSec": [32139.3763,32142.87637,32146.62656,32149.74226,32152.84336,32156.44317,32159.6932,32163.04258,32166.14323,32169.35983,32172.6266,32176.24317,32180.30976,32186.54319,32189.67646,32192.92639,32195.94299,32217.95908,32221.1922,32224.07552,32227.02459,32230.19219,32233.15917,32236.15914,32239.35888,32242.59168,32245.79216,32250.82541,32253.77529,32257.07538,32260.25816,32263.37541,32266.70737,32269.892,32273.14199,32276.14203,32279.67408,32282.65796,32285.7409,32289.22424],
	"responseTimeSec": [1.581909576,1.824899955,1.21217259,1.178197388,1.678565408,1.338389571,1.451401471,1.198373135,1.291553629,1.358228272,1.694003807,2.169732659,4.329156382,1.202128213,1.330515327,1.099303883,20.1062054,1.31928804,0.992303695,1.045192415,1.251567275,1.045810912,1.101380264,1.265119978,1.304359245,1.275374538,3.135259713,1.02999884,1.381391993,1.27751696,1.190833091,1.396517545,1.262258974,1.33075178,1.099451753,1.616010519,1.036821057,1.135818264,1.533863216,1.158479287]
}
