{
	"intensity": [-0.3342562574,-1.001780958,-1.493165609,-0.9433796733,-0.3516788864,-0.5733348066,-0.3342562574,-0.4043522407,-0.4552731033,-0.4906598578,-0.5190464732,-0.5444057282,-0.567410537,-0.5901521514,-0.6124555419,-0.6351588072,-0.6607611067,-0.5977251572,-0.5623825926,-0.5732889856,-0.5832498895,-0.5924639095,-0.6010872109,-0.6092129732,-0.6169363501,-0.6243970667,-0.6313716268,-0.638149439,-0.6448507211,-0.6512714972,-0.6329316714,-0.6383454451,-0.6436674298,-0.6286337391,-0.6334255431,-0.6199220046,-0.6242972559,-0.628505972,-0.6326365251,-0.6365329991],
	"isRight": [
		1,
		1,
		0,
		0,
		1,
		0,
		1,
		1,
		1,
		1,
		1,
		1,
		1,
		1,
		1,
		1,
		0,
		0,
		1,
		1,
		1,
		1,
		1,
		1,
		1,
		1,
		1,
		1,
		1,
		0,
		1,
		1,
		0,
		1,
		0,
		1,
		1,
		1,
		1,
		0
	],
	"rawResponseString": [],
	"response": [
		4,
		3,
		3,
		4,
		2,
		4,
		3,
		4,
		1,
		1,
		3,
		1,
		1,
		1,
		3,
		4,
		3,
		3,
		1,
		4,
		2,
		2,
		2,
		4,
		2,
		4,
		4,
		2,
		1,
		2,
		2,
		4,
		2,
		3,
		3,
		4,
		2,
		1,
		1,
		4
	],
	"target": [4,3,1,2,2,3,3,4,1,1,3,1,1,1,3,4,2,4,1,4,2,2,2,4,2,4,4,2,1,1,2,4,4,3,4,4,2,1,1,3],
	"stimulusOnsetSec": [28068.34955,28073.13365,28076.86664,28080.71695,28084.59976,28088.30014,28095.96674,28099.7832,28103.61684,28107.33186,28111.03359,28114.79979,28118.61522,28122.33193,28126.08243,28129.76603,28133.61601,28137.68252,28141.54878,28145.29901,28148.99933,28152.88276,28156.59957,28166.1161,28169.94911,28173.69923,28177.5824,28181.41597,28185.11595,28188.76439,28192.63106,28196.43195,28200.51545,28204.43144,28208.24792,28212.14787,28215.94878,28219.78157,28223.5646,28227.4646],
	"responseTimeSec": [2.03526966,0.960252461,1.076415462,1.112296404,0.951668974,4.932395864,0.990058598,1.042546085,0.954400745,0.917104812,0.995281621,1.065762015,0.956633165,0.99712736,0.923048885,1.091877964,1.268476956,1.091398051,0.968386179,0.911067479,1.109149501,0.953965127,6.736799798,1.075809004,0.987614761,1.111861047,1.06764453,0.944159539,0.898989561,1.103638238,1.026337882,1.32343861,1.146760415,1.044308358,1.117592473,1.03422859,1.034334686,1.033559474,1.144815495,1.771156904]
}
