{
	"intensity": [-0.2806850923,-0.9806707518,-1.478105517,-0.9267888026,-0.3378834162,-0.5589187159,-0.686619117,-0.7704425941,-0.8279313143,-0.7137983965,-0.7509769221,-0.7785281624,-0.8006963418,-0.747637856,-0.6960807941,-0.7155235515,-0.731089881,-0.7438475295,-0.7548339846,-0.7645740932,-0.7377211212,-0.7467347311,-0.7236424609,-0.7318168029,-0.7392550557,-0.7193832555,-0.726354512,-0.7328859835,-0.7151373766,-0.6979037534,-0.70427464,-0.7100801952,-0.6942212432,-0.6997973222,-0.7049174702,-0.7097492168,-0.7142465897,-0.7013651474,-0.7056897778,-0.7100024528],
	"isRight": [
		1,
		1,
		0,
		0,
		1,
		1,
		1,
		1,
		0,
		1,
		1,
		1,
		0,
		0,
		1,
		1,
		1,
		1,
		1,
		0,
		1,
		0,
		1,
		1,
		0,
		1,
		1,
		0,
		0,
		1,
		1,
		0,
		1,
		1,
		1,
		1,
		0,
		1,
		1,
		0
	],
	"rawResponseString": [],
	"response": [
		4,
		4,
		4,
		3,
		4,
		1,
		4,
		2,
		4,
		4,
		1,
		4,
		4,
		4,
		1,
		1,
		1,
		1,
		3,
		4,
		4,
		4,
		2,
		4,
		4,
		2,
		2,
		2,
		2,
		2,
		2,
		2,
		2,
		4,
		4,
		2,
		2,
		1,
		3,
		2
	],
	"target": [4,4,3,1,4,1,4,2,1,4,1,4,1,3,1,1,1,1,3,1,4,3,2,4,3,2,2,4,3,2,2,3,2,4,4,2,3,1,3,3],
	"stimulusOnsetSec": [29928.50739,29935.40737,29939.79071,29949.07434,29952.94062,29962.34083,29969.95717,29973.84087,29978.50747,29982.35737,29987.20765,29991.39063,29999.30669,30003.40716,30007.65729,30011.42404,30017.40718,30022.8568,30027.55716,30031.95649,30036.54003,30040.72299,30044.73978,30048.98981,30052.73968,30056.80534,30060.82298,30065.52303,30069.6552,30073.30615,30077.62294,30081.63952,30085.68828,30089.53824,30093.30478,30097.78857,30101.67165,30105.47206,30109.355,30113.2048],
	"responseTimeSec": [4.362875755,1.890966328,6.808458547,1.391303231,6.924738526,5.145294102,1.417715215,2.188671177,1.400464467,2.385986697,1.746210731,5.451090006,1.639168977,1.76997613,1.304858443,3.523852079,2.988128352,2.25327483,1.922323442,2.104528032,1.702085588,1.551339951,1.77828381,1.287764865,1.599728872,1.55942028,2.24490675,1.668692243,1.169362577,1.846418196,1.543279688,1.557156395,1.390459881,1.299218527,2.018033956,1.424636698,1.317270393,1.413224432,1.378633501,1.512048673]
}
