{
	"intensity": [-0.2806850923,-0.9806707518,-0.2628012302,-0.4845848532,-0.6087976938,-0.6995680119,-0.7692037508,-0.6348220889,-0.673833359,-0.7032298392,-0.7270284755,-0.7478033702,-0.7661870944,-0.7831356628,-0.7985737871,-0.8136828719,-0.7733294612,-0.7839785841,-0.7547489138,-0.7638201246,-0.7387279363,-0.714765082,-0.7230239751,-0.7305944635,-0.7375279373,-0.7440629112,-0.750082952,-0.7557017232,-0.761208847,-0.7662409764,-0.7525939062,-0.7573120242,-0.7619429545,-0.7491954659,-0.7534936482,-0.7412893056,-0.729213905,-0.717146485,-0.7214644021,-0.7253991505],
	"isRight": [
		1,
		0,
		1,
		1,
		1,
		1,
		0,
		1,
		1,
		1,
		1,
		1,
		1,
		1,
		1,
		0,
		1,
		0,
		1,
		0,
		0,
		1,
		1,
		1,
		1,
		1,
		1,
		1,
		1,
		0,
		1,
		1,
		0,
		1,
		0,
		0,
		0,
		1,
		1,
		1
	],
	"rawResponseString": [],
	"response": [
		3,
		1,
		4,
		2,
		2,
		4,
		4,
		3,
		3,
		2,
		3,
		3,
		1,
		1,
		1,
		1,
		2,
		1,
		1,
		2,
		1,
		1,
		3,
		2,
		1,
		4,
		1,
		1,
		1,
		1,
		4,
		3,
		1,
		4,
		4,
		4,
		1,
		1,
		2,
		1
	],
	"target": [3,3,4,2,2,4,3,3,3,2,3,3,1,1,1,4,2,2,1,3,4,1,3,2,1,4,1,1,1,2,4,3,2,4,2,2,4,1,2,1],
	"stimulusOnsetSec": [27868.45313,27873.30286,27877.28606,27881.00258,27884.65274,27888.33616,27892.4527,27896.30273,27899.98616,27903.66922,27907.46932,27911.35244,27915.13615,27918.91924,27922.76935,27926.58594,27930.43598,27934.43596,27938.3359,27942.10232,27946.18571,27949.98572,27953.73549,27957.55109,27961.31832,27978.41851,27982.51855,27986.3016,27989.98469,27993.91825,27997.73498,28001.45119,28005.13483,28008.91683,28012.7335,28016.61712,28020.50012,28024.33409,28027.98376,28031.68435],
	"responseTimeSec": [2.014986782,1.187250187,0.929696898,0.875978551,0.905723902,1.329206744,1.083315821,0.892370887,0.905081247,1.027319576,1.088337064,1.002783466,1.013664213,1.080607347,1.039911405,1.084757765,1.223441828,1.148221511,0.993105433,1.307618439,1.028733217,0.962518173,1.049493899,0.977847354,14.33116038,1.323991942,1.003273797,0.922533938,1.158742366,1.116015208,0.946056686,0.921108503,1.041692959,1.029844731,1.08892773,1.129065939,1.055727833,0.878936965,0.919151636,0.921799222]
}
