{
	"intensity": [-0.2806850923,-0.9806707518,-0.2628012302,-0.4845848532,-0.6087976938,-0.6995680119,-0.7692037508,-0.8253044169,-0.8734910956,-0.9151326336,-0.8228235941,-0.8470339557,-0.8676822142,-0.8855205759,-0.8422410481,-0.8562680234,-0.8688730363,-0.8370376371,-0.8480224059,-0.8577906243,-0.8666489197,-0.8748218187,-0.8821884829,-0.889125028,-0.8956788363,-0.9020281077,-0.884742487,-0.8903739403,-0.8956873153,-0.8813915593,-0.8863366751,-0.8912213228,-0.8779151223,-0.8650382057,-0.8696934866,-0.8572330007,-0.8616325129,-0.8656610816,-0.8697082111,-0.8734050301],
	"isRight": [
		1,
		0,
		1,
		1,
		1,
		1,
		1,
		1,
		1,
		0,
		1,
		1,
		1,
		0,
		1,
		1,
		0,
		1,
		1,
		1,
		1,
		1,
		1,
		1,
		1,
		0,
		1,
		1,
		0,
		1,
		1,
		0,
		0,
		1,
		0,
		1,
		1,
		1,
		1,
		1
	],
	"rawResponseString": [],
	"response": [
		1,
		2,
		3,
		4,
		3,
		3,
		4,
		2,
		2,
		1,
		2,
		1,
		2,
		1,
		3,
		2,
		3,
		2,
		1,
		4,
		4,
		4,
		2,
		4,
		1,
		2,
		2,
		1,
		3,
		3,
		3,
		4,
		3,
		1,
		3,
		2,
		1,
		4,
		1,
		2
	],
	"target": [1,1,3,4,3,3,4,2,2,4,2,1,2,4,3,2,2,2,1,4,4,4,2,4,1,3,2,1,2,3,3,1,2,1,1,2,1,4,1,2],
	"stimulusOnsetSec": [27705.27167,27709.8718,27714.0217,27717.70514,27721.43842,27725.10499,27728.805,27732.65522,27736.33818,27740.33809,27744.00492,27747.92049,27751.63707,27755.38741,27759.30434,27763.20489,27766.97115,27770.73765,27774.53794,27778.32094,27782.10442,27785.9698,27789.7213,27793.68757,27797.42114,27801.00325,27804.83781,27808.51959,27813.77064,27817.65395,27821.72066,27825.42048,27829.25408,27833.0526,27836.83654,27840.91917,27844.62029,27848.65254,27852.43578,27856.08601],
	"responseTimeSec": [1.804519402,1.352908106,0.917606638,0.996775457,0.900939014,0.951089303,0.97725627,0.888076901,1.245308568,0.897364526,1.15855428,0.931485263,0.9733906,0.997140335,0.9867985,0.967907932,0.998424563,1.040830036,1.003022867,0.978383139,1.08245237,0.994685059,1.190666898,0.962399497,0.84146917,1.051655395,0.907592475,2.475796609,1.143860442,1.296469863,0.925813237,1.075927431,1.005850035,1.008013817,1.328515379,0.927306303,1.263071624,1.021745154,0.892652393,0.917604153]
}
