{
	"intensity": [-0.2806850923,-0.9806707518,-1.478105517,-1.850731711,-1.402283418,-0.9666138479,-1.129730646,-1.216858419,-1.277326414,-1.322617771,-1.357986937,-1.388204121,-1.414953547,-1.349085021,-1.367104584,-1.382761272,-1.342833155,-1.3556756,-1.367253439,-1.338208943,-1.348438662,-1.357567582,-1.365882365,-1.373588523,-1.352707692,-1.331949507,-1.339037165,-1.345561898,-1.351763617,-1.357360976,-1.362745527,-1.34788421,-1.352967053,-1.338866957,-1.343671498,-1.348163157,-1.352507752,-1.356538018,-1.36057178,-1.364250891],
	"isRight": [
		1,
		1,
		1,
		0,
		0,
		1,
		1,
		1,
		1,
		1,
		1,
		1,
		0,
		1,
		1,
		0,
		1,
		1,
		0,
		1,
		1,
		1,
		1,
		0,
		0,
		1,
		1,
		1,
		1,
		1,
		0,
		1,
		0,
		1,
		1,
		1,
		1,
		1,
		1,
		1
	],
	"rawResponseString": [],
	"response": [
		1,
		2,
		3,
		1,
		2,
		4,
		1,
		1,
		3,
		3,
		3,
		2,
		2,
		2,
		4,
		2,
		2,
		1,
		2,
		1,
		2,
		4,
		2,
		4,
		4,
		3,
		2,
		4,
		3,
		2,
		4,
		2,
		3,
		4,
		3,
		3,
		1,
		2,
		1,
		3
	],
	"target": [1,2,3,3,3,4,1,1,3,3,3,2,1,2,4,3,2,1,1,1,2,4,2,1,3,3,2,4,3,2,2,2,2,4,3,3,1,2,1,3],
	"stimulusOnsetSec": [30202.7376,30209.0709,30212.95446,30217.35428,30221.32083,30225.08717,30228.98723,30232.95429,30240.67035,30245.15366,30250.18562,30254.40251,30259.83717,30263.90292,30270.81937,30275.28585,30285.33641,30289.43597,30293.2861,30297.21929,30301.35241,30305.38613,30309.35171,30313.45269,30317.5856,30321.81921,30325.73573,30330.08583,30334.11929,30338.03562,30345.7526,30349.5521,30354.48573,30358.7024,30362.6848,30366.70169,30370.78515,30374.93522,30378.85189,30383.25228],
	"responseTimeSec": [3.789791599,1.376542922,1.922889745,1.489873144,1.296798333,1.427991503,1.488514282,5.219802014,2.011932609,2.561497438,1.748661971,2.963664277,1.596955026,4.443312137,1.993446435,7.585892199,1.621132667,1.38681766,1.488219921,1.655033175,1.570099427,1.488045177,1.644211178,1.656980377,1.75767147,1.431614329,1.881907796,1.556009146,1.407751671,5.257790835,1.309875332,2.471628958,1.745494968,1.489860747,1.536644168,1.593037258,1.679783982,1.429732081,1.924097023,1.414463581]
}
