{
	"intensity": [-0.2806850923,-0.9806707518,-1.478105517,-0.9267888026,-1.098980161,-1.191696209,-1.258725043,-1.312748533,-1.357353877,-1.397105371,-1.309542564,-1.333692392,-1.353633832,-1.30307439,-1.319069734,-1.332972782,-1.29694379,-1.309171223,-1.27832257,-1.289261605,-1.298863021,-1.30748697,-1.315391562,-1.322757654,-1.329429631,-1.335676547,-1.319125979,-1.324927753,-1.308506925,-1.292718868,-1.298225595,-1.303449154,-1.308287924,-1.294999017,-1.299649829,-1.304014611,-1.30815749,-1.312194293,-1.300976689,-1.289754997],
	"isRight": [
		1,
		1,
		0,
		1,
		1,
		1,
		1,
		1,
		1,
		0,
		1,
		1,
		0,
		1,
		1,
		0,
		1,
		0,
		1,
		1,
		1,
		1,
		1,
		1,
		1,
		0,
		1,
		0,
		0,
		1,
		1,
		1,
		0,
		1,
		1,
		1,
		1,
		0,
		0,
		1
	],
	"rawResponseString": [],
	"response": [
		1,
		3,
		1,
		2,
		4,
		4,
		1,
		2,
		2,
		2,
		2,
		4,
		4,
		2,
		1,
		2,
		4,
		2,
		4,
		4,
		2,
		4,
		1,
		2,
		2,
		2,
		1,
		4,
		2,
		2,
		1,
		3,
		2,
		1,
		2,
		1,
		4,
		2,
		2,
		1
	],
	"target": [1,3,4,2,4,4,1,2,2,3,2,4,3,2,1,3,4,4,4,4,2,4,1,2,2,3,1,3,3,2,1,3,4,1,2,1,4,3,3,1],
	"stimulusOnsetSec": [31723.21591,31727.59938,31730.96614,31733.99937,31736.99906,31742.61555,31746.74949,31750.06603,31753.66615,31757.54913,31760.44917,31763.54918,31766.64772,31770.3319,31773.51441,31776.53132,31780.06455,31783.06454,31786.03118,31789.11478,31792.21488,31795.38128,31799.03209,31802.26411,31805.98116,31809.41451,31812.61436,31815.64795,31818.84814,31822.01479,31825.2472,31828.43071,31831.96448,31835.38114,31841.08016,31844.08104,31849.1645,31852.91438,31856.28097,31859.48099],
	"responseTimeSec": [2.444793677,1.44019591,1.108882081,1.07673103,3.678014563,2.2234013,1.377143327,1.693755979,1.971003226,0.970434172,1.168283157,1.178470706,1.77371557,1.254893677,1.105340401,1.630635024,1.07240908,1.045916656,1.178970934,1.161800797,1.247197922,1.719292093,1.303694466,1.788840574,1.518397734,1.284120979,1.134130032,1.282971518,1.24344959,1.318126535,1.278414896,1.596227509,1.503726783,3.779329727,1.077909326,3.157778221,1.831925815,1.456916641,1.282075182,1.031204838]
}
