{
	"intensity": [-0.2806850923,-0.9806707518,-0.2628012302,-0.4845848532,-0.6087976938,-0.6995680119,-0.7692037508,-0.8253044169,-0.7123486828,-0.7451304293,-0.7715119935,-0.7928947174,-0.8112753733,-0.8277523086,-0.843102022,-0.857190243,-0.8710851902,-0.8844944491,-0.8474391882,-0.8570614679,-0.8661226317,-0.8747656593,-0.8509834562,-0.8299835688,-0.83692532,-0.8184305222,-0.8249020407,-0.8308725567,-0.8143068425,-0.8199311401,-0.8251716107,-0.8303412195,-0.8350271902,-0.8224038519,-0.8268434941,-0.8146832958,-0.8018054189,-0.7889772838,-0.793404132,-0.7975438442],
	"isRight": [
		1,
		0,
		1,
		1,
		1,
		1,
		1,
		0,
		1,
		1,
		1,
		1,
		1,
		1,
		1,
		1,
		1,
		0,
		1,
		1,
		1,
		0,
		0,
		1,
		0,
		1,
		1,
		0,
		1,
		1,
		1,
		1,
		0,
		1,
		0,
		0,
		0,
		1,
		1,
		1
	],
	"rawResponseString": [],
	"response": [
		2,
		2,
		4,
		3,
		4,
		3,
		1,
		4,
		4,
		3,
		3,
		3,
		1,
		3,
		3,
		1,
		3,
		3,
		3,
		4,
		1,
		1,
		1,
		1,
		1,
		2,
		4,
		2,
		4,
		4,
		1,
		3,
		4,
		3,
		1,
		2,
		1,
		4,
		4,
		3
	],
	"target": [2,1,4,3,4,3,1,3,4,3,3,3,1,3,3,1,3,1,3,4,1,3,2,1,2,2,4,3,4,4,1,3,2,3,2,1,2,4,4,3],
	"stimulusOnsetSec": [28420.72867,28425.52845,28430.47891,28434.1621,28437.82779,28441.52889,28445.42867,28449.44531,28453.29501,28457.27888,28460.99387,28465.06187,28468.86077,28472.66103,28476.36154,28480.04511,28486.52765,28490.24353,28494.1444,28497.97793,28501.91132,28505.66144,28509.64446,28513.46059,28517.12787,28521.02768,28524.69336,28528.72788,28532.59437,28536.5265,28540.20962,28543.96017,28547.62743,28551.47726,28555.10973,28558.99392,28563.19285,28567.4266,28571.14321,28575.07687],
	"responseTimeSec": [2.01321131,2.159171923,0.902549673,0.899757483,0.895807238,1.107880295,1.242149142,1.044340891,1.211917979,0.955228024,1.278316366,1.01085779,1.008368847,0.928574801,0.909751606,3.715278358,0.938429467,1.10826543,1.037918295,1.142463698,0.973234716,1.214279103,1.042354631,0.87315637,1.15316799,0.872520318,1.257996352,1.097158831,1.159264574,0.920264784,0.995323185,0.898053857,1.0623936,0.861810835,1.096321698,1.412119325,1.446392123,0.931087625,1.161329286,1.160074647]
}
