{
	"intensity": [-0.2806850923,-0.9806707518,-1.478105517,-0.9267888026,-0.3378834162,-0.5589187159,-0.686619117,-0.7704425941,-0.6187883284,-0.4721414371,-0.5281477319,-0.5636532001,-0.5894143614,-0.6104513939,-0.6282662463,-0.6441299682,-0.6581931644,-0.6715401787,-0.6839592363,-0.6957580376,-0.70770021,-0.6765437208,-0.6855119246,-0.6940853331,-0.7020364348,-0.7097708366,-0.7173308944,-0.6968605273,-0.7033058959,-0.7093659215,-0.7152689299,-0.7211627382,-0.7267208583,-0.7323184649,-0.7376613306,-0.7430652424,-0.7482779171,-0.753574847,-0.7587294296,-0.7639934819],
	"isRight": [
		1,
		1,
		0,
		0,
		1,
		1,
		1,
		0,
		0,
		1,
		1,
		1,
		1,
		1,
		1,
		1,
		1,
		1,
		1,
		1,
		0,
		1,
		1,
		1,
		1,
		1,
		0,
		1,
		1,
		1,
		1,
		1,
		1,
		1,
		1,
		1,
		1,
		1,
		1,
		1
	],
	"rawResponseString": [],
	"response": [
		3,
		2,
		2,
		3,
		4,
		3,
		4,
		4,
		4,
		1,
		3,
		2,
		2,
		1,
		4,
		2,
		3,
		3,
		3,
		2,
		3,
		3,
		1,
		3,
		4,
		4,
		4,
		2,
		3,
		3,
		3,
		4,
		4,
		4,
		4,
		1,
		1,
		2,
		4,
		2
	],
	"target": [3,2,3,4,4,3,4,1,2,1,3,2,2,1,4,2,3,3,3,2,2,3,1,3,4,4,2,2,3,3,3,4,4,4,4,1,1,2,4,2],
	"stimulusOnsetSec": [28977.12144,28982.40384,28986.03645,28990.07149,28994.03754,28997.85405,29001.5877,29005.32049,29009.2375,29013.20436,29016.9376,29020.58762,29024.30415,29028.15366,29031.97069,29035.82046,29039.51979,29043.67071,29047.32058,29051.00258,29054.75259,29058.98716,29062.63596,29066.28613,29069.9024,29073.73606,29077.46895,29081.3026,29085.10245,29088.75235,29092.41947,29097.15274,29100.93607,29104.65274,29108.38627,29112.00252,29115.76941,29119.70243,29123.56909,29127.21827],
	"responseTimeSec": [2.454546995,0.858608092,1.306827565,1.203673046,1.062746355,0.9957805,0.964167139,1.152675196,1.182002521,0.977353106,0.897436327,0.941119022,1.056361401,1.038224105,1.051982819,0.91361368,1.381170012,0.902160626,0.921752268,0.960228162,1.47115381,0.896319833,0.888543376,0.859432315,1.053926376,0.969997087,1.07068901,1.023621779,0.882702661,0.90076196,1.979158335,1.021118787,0.922321374,0.965453215,0.874675873,1.014572348,1.212186441,1.141130442,0.947204033,0.999636975]
}
