{
	"intensity": [-0.2806850923,-0.9806707518,-0.2628012302,-0.4845848532,-0.6087976938,-0.6995680119,-0.7692037508,-0.6348220889,-0.673833359,-0.7032298392,-0.7270284755,-0.7478033702,-0.7661870944,-0.7831356628,-0.7395599444,-0.7521795184,-0.7634496712,-0.7737245686,-0.7832497907,-0.7922105302,-0.800749663,-0.8089534204,-0.786556289,-0.7935896609,-0.7742409586,-0.7804407632,-0.7862789281,-0.7919916991,-0.7972671472,-0.8024517343,-0.8072924512,-0.8120952427,-0.8165940672,-0.8211234464,-0.8253601346,-0.8296741719,-0.8337407584,-0.8376854033,-0.8416939174,-0.8305040052],
	"isRight": [
		1,
		0,
		1,
		1,
		1,
		1,
		0,
		1,
		1,
		1,
		1,
		1,
		1,
		0,
		1,
		1,
		1,
		1,
		1,
		1,
		1,
		0,
		1,
		0,
		1,
		1,
		1,
		1,
		1,
		1,
		1,
		1,
		1,
		1,
		1,
		1,
		1,
		1,
		0,
		0
	],
	"rawResponseString": [],
	"response": [
		3,
		2,
		1,
		2,
		2,
		1,
		1,
		2,
		3,
		3,
		4,
		3,
		4,
		3,
		4,
		3,
		4,
		4,
		1,
		2,
		2,
		2,
		2,
		2,
		3,
		1,
		3,
		2,
		4,
		3,
		1,
		2,
		3,
		3,
		2,
		3,
		4,
		1,
		2,
		3
	],
	"target": [3,1,1,2,2,1,4,2,3,3,4,3,4,4,4,3,4,4,1,2,2,3,2,1,3,1,3,2,4,3,1,2,3,3,2,3,4,1,3,1],
	"stimulusOnsetSec": [29741.74394,29747.40998,29751.55968,29755.27648,29758.89353,29762.79309,29767.9602,29772.10957,29775.94349,29780.22635,29783.99321,29787.7266,29801.27644,29805.17546,29809.47649,29813.35984,29817.02535,29820.82651,29824.62565,29828.29309,29832.12586,29836.02597,29840.19289,29843.92456,29848.59156,29853.00888,29857.25952,29861.25901,29865.15897,29869.02527,29873.22577,29877.57578,29881.30818,29885.65875,29890.09223,29894.1421,29898.15768,29902.70811,29907.72526,29911.79093],
	"responseTimeSec": [2.905348508,1.380112339,0.961446409,0.875851189,1.142351533,2.428486782,1.402488123,1.074117632,1.535348204,0.987843796,0.964642558,10.8052683,1.163740836,1.560303102,1.123921794,0.905756602,1.056533351,1.030680187,0.884857899,1.0753771,1.141963113,1.39594397,0.978097131,1.905643137,1.678900495,1.482127115,1.240374074,1.158027999,1.125701473,1.430559066,1.611290378,0.950813729,1.597893457,1.678527239,1.285914928,1.24963737,1.807622601,2.262642483,1.314315599,1.297882443]
}
