{
	"intensity": [-0.2806850923,-0.9806707518,-1.478105517,-0.9267888026,-1.098980161,-0.8500545604,-0.3567820863,-0.5713917854,-0.6856001269,-0.5015273482,-0.5661302838,-0.6083221996,-0.6396049166,-0.6647930158,-0.685864918,-0.7051974755,-0.7229494673,-0.7390428715,-0.7546759755,-0.7695640384,-0.7847724457,-0.7998979336,-0.8161059922,-0.8337953285,-0.8523233405,-0.872425401,-0.8933336613,-0.9139881502,-0.9339017721,-0.9533369375,-0.9011623831,-0.9143158544,-0.8782563894,-0.8891674295,-0.8605405695,-0.8696045298,-0.8782714524,-0.8865196935,-0.8648420309,-0.8719979468],
	"isRight": [
		1,
		1,
		0,
		1,
		0,
		0,
		1,
		1,
		0,
		1,
		1,
		1,
		1,
		1,
		1,
		1,
		1,
		1,
		1,
		1,
		1,
		1,
		1,
		1,
		1,
		1,
		1,
		1,
		1,
		0,
		1,
		0,
		1,
		0,
		1,
		1,
		1,
		0,
		1,
		1
	],
	"rawResponseString": [],
	"response": [
		1,
		2,
		3,
		4,
		3,
		3,
		2,
		2,
		2,
		4,
		1,
		2,
		1,
		2,
		3,
		3,
		1,
		3,
		4,
		4,
		2,
		4,
		4,
		1,
		3,
		3,
		1,
		1,
		3,
		4,
		2,
		2,
		3,
		2,
		1,
		3,
		4,
		1,
		3,
		2
	],
	"target": [1,2,4,4,2,4,2,2,4,4,1,2,1,2,3,3,1,3,4,4,2,4,4,1,3,3,1,1,3,1,2,4,3,4,1,3,4,2,3,2],
	"stimulusOnsetSec": [28248.53105,28253.03115,28256.83115,28260.7977,28264.73007,28268.83103,28272.83007,28276.51358,28280.18116,28283.98104,28287.69753,28291.34729,28294.99732,28298.7968,28302.46334,28306.16352,28309.91353,28313.54735,28317.48017,28321.38015,28325.21375,28329.09727,28332.89714,28336.73011,28340.86353,28344.81343,28348.61367,28352.29555,28355.99674,28359.81336,28363.69536,28367.5287,28371.4125,28375.07886,28379.19606,28382.89649,28386.62879,28390.44591,28394.66213,28398.59537],
	"responseTimeSec": [1.722789423,1.051290953,1.186759825,1.189231958,1.320651125,1.227925979,0.882823649,0.91547219,1.023496531,0.945903966,0.863380132,0.890485974,1.050111664,0.920314324,0.929118291,0.978877729,0.875413363,1.157037881,1.109758023,1.062916674,1.096381871,1.033031423,1.067791205,1.358239601,1.170376994,1.02761353,0.903852015,0.938669985,1.02511108,1.104025277,1.021927006,1.110390885,0.88331594,1.340498672,0.906517414,0.950664468,1.014525759,1.406198766,1.160269013,0.955595648]
}
