{
	"intensity": [-0.2806850923,-0.9806707518,-0.2800613974,-0.4896830216,-0.2800613974,-0.3318357838,-0.3832620914,-0.4165225338,-0.4438571971,-0.467396554,-0.4899820512,-0.511655056,-0.5332033657,-0.5554614291,-0.5810196153,-0.6111711321,-0.6529984651,-0.5623191946,-0.5757337796,-0.5895387832,-0.6034022174,-0.565906369,-0.5753501158,-0.5509444236,-0.5286621227,-0.507836227,-0.514981888,-0.5215131172,-0.5276532935,-0.5110667625,-0.5167625059,-0.5222851721,-0.5071331399,-0.5123272719,-0.4980362153,-0.502929753,-0.507466719,-0.5119093929,-0.5160047623,-0.520126429],
	"isRight": [
		1,
		0,
		1,
		0,
		1,
		1,
		1,
		1,
		1,
		1,
		1,
		1,
		1,
		1,
		1,
		1,
		0,
		1,
		1,
		1,
		0,
		1,
		0,
		0,
		0,
		1,
		1,
		1,
		0,
		1,
		1,
		0,
		1,
		0,
		1,
		1,
		1,
		1,
		1,
		1
	],
	"rawResponseString": [],
	"response": [
		1,
		2,
		3,
		2,
		1,
		2,
		4,
		2,
		3,
		3,
		3,
		4,
		1,
		1,
		1,
		1,
		1,
		1,
		2,
		3,
		3,
		3,
		4,
		1,
		3,
		1,
		1,
		1,
		2,
		1,
		3,
		3,
		3,
		4,
		1,
		3,
		4,
		2,
		3,
		4
	],
	"target": [1,4,3,3,1,2,4,2,3,3,3,4,1,1,1,1,3,1,2,3,2,3,3,2,1,1,1,1,3,1,3,1,3,2,1,3,4,2,3,4],
	"stimulusOnsetSec": [29447.18131,29457.4979,29462.2146,29465.89797,29469.68001,29473.41475,29477.18113,29488.363,29493.11449,29497.11425,29500.98091,29505.41441,29509.38091,29513.36358,29517.13041,29520.88044,29524.63004,29528.42957,29532.16229,29535.83039,29539.76375,29543.71342,29547.43015,29551.31332,29555.14676,29558.89569,29562.86208,29566.66183,29570.4133,29574.44539,29578.76202,29582.61256,29586.57886,29590.51215,29594.47918,29598.2288,29602.0618,29605.94588,29609.81252,29613.74564],
	"responseTimeSec": [7.55352888,1.923849082,0.923680382,1.012053936,0.946044496,0.998444952,8.439580709,1.992549924,1.244004295,1.082081574,1.689266825,1.217432316,1.203964898,1.01708224,0.991351659,1.023328869,1.035698123,0.98945684,0.933285604,1.173422311,1.200376061,0.975704708,1.119173876,1.078930358,1.01005331,1.195569556,1.040939865,0.999363471,1.294994765,1.557853336,1.046082152,1.214169077,1.201156013,1.212178085,1.020263102,1.102820764,1.134591656,1.110108006,1.176279151,1.2387106]
}
