{
	"intensity": [-0.2806850923,-0.9806707518,-0.2628012302,-0.4845848532,-0.6087976938,-0.6995680119,-0.7692037508,-0.8253044169,-0.8734910956,-0.9151326336,-0.9561084773,-0.8654710475,-0.8876696139,-0.9065115698,-0.9232099004,-0.9379071246,-0.8998140304,-0.8656905444,-0.8325649347,-0.7963790652,-0.7587984554,-0.7731506755,-0.7368475535,-0.7503242972,-0.7614222786,-0.7710128406,-0.7795153895,-0.7871631119,-0.7942439739,-0.800663575,-0.7830420656,-0.7890873602,-0.7947254328,-0.8000067221,-0.8049288701,-0.7907790506,-0.7954557687,-0.8001067205,-0.8043108197,-0.8083407994],
	"isRight": [
		1,
		0,
		1,
		1,
		1,
		1,
		1,
		1,
		1,
		1,
		0,
		1,
		1,
		1,
		1,
		0,
		0,
		0,
		0,
		0,
		1,
		0,
		1,
		1,
		1,
		1,
		1,
		1,
		1,
		0,
		1,
		1,
		1,
		1,
		0,
		1,
		1,
		1,
		1,
		1
	],
	"rawResponseString": [],
	"response": [
		3,
		1,
		1,
		4,
		1,
		2,
		3,
		4,
		2,
		1,
		4,
		2,
		3,
		3,
		3,
		2,
		3,
		2,
		2,
		3,
		3,
		2,
		4,
		4,
		1,
		4,
		4,
		3,
		4,
		4,
		3,
		3,
		2,
		2,
		2,
		3,
		2,
		4,
		1,
		1
	],
	"target": [3,3,1,4,1,2,3,4,2,1,3,2,3,3,3,3,2,4,1,1,3,4,4,4,1,4,4,3,4,2,3,3,2,2,4,3,2,4,1,1],
	"stimulusOnsetSec": [29170.90211,29176.60217,29180.41866,29184.16823,29187.98501,29202.96849,29207.03488,29210.90161,29214.71832,29218.48482,29222.35036,29226.48494,29230.31688,29233.95015,29237.73447,29241.56737,29245.73473,29249.56721,29253.50047,29257.33308,29261.25045,29264.91724,29268.71729,29272.48357,29276.35042,29280.10035,29283.9502,29287.867,29292.01675,29295.78362,29299.66703,29303.58369,29307.25023,29310.99986,29314.60007,29318.41685,29322.19894,29325.88288,29329.5667,29333.15016],
	"responseTimeSec": [2.941021201,1.069973546,0.998458631,1.013459449,12.21882078,1.305679831,1.091270976,1.057062852,1.000998668,1.086035179,1.389075963,1.055682062,0.880976465,1.013618415,1.080809971,1.405281557,1.089181076,1.16277706,1.073566922,1.151686627,0.901685671,1.040376363,1.010222172,1.114786192,1.002734986,1.064526436,1.158425266,1.385690241,1.01960119,1.130668799,1.168292173,0.900796857,0.97606832,0.859099698,1.065996712,1.029809578,0.930134191,0.922869499,0.826964226,1.059752864]
}
