{
	"intensity": [-0.3809466714,-1.222813778,-0.5761237663,-0.7766640996,-0.8999303716,-0.9850664312,-1.050595978,-1.102232133,-1.146520832,-1.189456331,-1.234247844,-1.141903138,-1.16052432,-1.116530418,-1.079011105,-1.092273213,-1.060000083,-1.028881553,-1.040066948,-1.049779223,-1.058450391,-1.066378179,-1.046635997,-1.053832901,-1.035056883,-1.017541131,-1.024055162,-1.029900309,-1.035370845,-1.040712115,-1.026902687,-1.031836194,-1.018838416,-1.023383871,-1.027572376,-1.031726112,-1.035523206,-1.025401223,-1.029196402,-1.019344081],
	"isRight": [
		1,
		0,
		1,
		1,
		1,
		1,
		1,
		1,
		1,
		1,
		0,
		1,
		0,
		0,
		1,
		0,
		0,
		1,
		1,
		1,
		1,
		0,
		1,
		0,
		0,
		1,
		1,
		1,
		1,
		0,
		1,
		0,
		1,
		1,
		1,
		1,
		0,
		1,
		0,
		1
	],
	"rawResponseString": [],
	"response": [
		9,
		6,
		8,
		3,
		7,
		6,
		2,
		8,
		8,
		8,
		6,
		7,
		2,
		6,
		5,
		6,
		6,
		8,
		8,
		6,
		2,
		6,
		6,
		6,
		3,
		5,
		6,
		5,
		3,
		6,
		2,
		2,
		9,
		6,
		6,
		9,
		2,
		6,
		7,
		6
	],
	"target": [9,1,8,3,7,6,2,8,8,8,1,7,4,1,5,3,9,8,8,6,2,5,6,4,9,5,6,5,3,3,2,4,9,6,6,9,4,6,9,6],
	"stimulusOnsetSec": [5545.519814,5549.868912,5553.752953,5558.069514,5561.835023,5565.202617,5568.802681,5572.069157,5575.303937,5578.552473,5582.051306,5586.452005,5589.835764,5593.485642,5597.684429,5601.869133,5605.301162,5609.101808,5612.685558,5616.285142,5619.735003,5623.334852,5629.151868,5632.601355,5636.151272,5639.918201,5643.434384,5647.067422,5650.551017,5654.21829,5657.817611,5661.301339,5665.018253,5668.734304,5672.217763,5675.70102,5679.017215,5683.483281,5686.917763,5690.233505],
	"responseTimeSec": [2.033100644,1.559737074,2.007020278,1.36104321,1.005652999,1.224335866,0.884055441,0.842145189,0.859974765,1.11924738,2.004414773,0.978604796,1.259576518,1.782169613,1.786863607,1.025661856,1.380261218,1.148106161,1.040766212,0.995428152,1.164404926,3.344168835,1.015436975,1.071880744,1.302938098,1.045245932,1.146836084,1.04664557,1.240966787,1.166955096,1.037478522,1.233603922,1.259045929,1.052604078,1.017237034,1.022141527,2.153659152,1.120599585,1.045648609,0.935829971]
}
