{"intensity":[-1.2218487496163564,-1.2218487496163564,-1.2218487496163564,-1.2218487496163564,-1.2218487496163564,-1.2218487496163564],"isRight":[1,1,1,1,1,1],"rawResponseString":["kdh","hdh","hoh","vov","kok","hrh"],"response":[1,1,5,5,5,6],"target":[1,1,5,5,5,6],"flankers":[[4,2],[2,5],[8,2],[8,1],[9,7],[6,4],[8,8]],"flankerResponse":[[3,2],[2,2],[2,2],[8,8],[3,3],[2,2]],"flankerXYDeg":[[[12.5,0],[18,0]],[[12.5,0],[18,0]],[[12.5,0],[18,0]],[[12.5,0],[18,0]],[[12.5,0],[18,0]],[[12.5,0],[18,0]],[[12.5,0],[18,0]]],"eccentricityXYDeg":[[15,0],[15,0],[15,0],[15,0],[15,0],[15,0],[15,0]]}