{"intensity":[-0.50500000000000733,-1.4601496568611023,-0.91600174626506736,-0.63639376559575278,-0.75343202877376858,-0.83324358861094061,-0.90791361604258425,-1.0038668368324413,-0.88049116005046191,-0.82289156544431463,-0.84758587378021444,-0.87037679970078163,-0.89156492399724674,-0.91255526066619241,-0.93471227905868792,-0.95965960681491735,-0.99334659311141171,-0.93728299143661131,-0.95410686751799378,-0.92414412997030959,-0.93531353032788456,-0.91473342407054381,-0.89770291348937348,-0.90579606908523158,-0.91373624719099789,-0.92109333088673018,-0.92848466256602968,-0.93604475417258315,-0.94385290832404944,-0.95144876488702157,-0.95953337210353773,-0.96840259524580086,-0.95160895228352627,-0.93923931064801736,-0.94485562404310808,-0.93424628903189155,-0.92477130026824272,-0.91594086661797725,-0.92038089354254415,-0.92460772327595853],"isRight":[0,1,1,0,0,0,0,1,1,0,0,0,0,0,0,0,1,0,1,0,1,1,0,0,0,0,0,0,0,0,0,1,1,0,1,1,1,0,0,0],"rawResponseString":["ovv","hoh","nrn","osn","ohn","hns","zns","dns","ndo","szv","svz","ons","nvd","nhd","znd","znr","vsd","dnd","nsv","vos","znr","vzs","ohd","dnd","ovn","dvz","dno","zno","dhs","vnz","ndo","nvd","nro","snd","rvn","hnd","von","ovd","ozz","ovd"],"response":[8,5,6,7,2,4,4,4,1,9,8,4,8,2,4,4,7,4,7,5,4,9,2,4,8,8,4,4,2,4,1,8,6,4,8,4,5,8,9,8],"target":[3,5,6,5,6,6,6,4,1,5,1,2,4,6,3,9,7,5,7,1,4,9,1,1,3,6,2,5,7,3,4,8,6,2,8,4,5,1,5,3],"flankers":[[5,8],[6,4],[4,6],[5,7],[7,2],[2,7],[9,5],[1,5],[4,1],[7,9],[7,9],[5,2],[4,1],[4,1],[9,7],[3,1],[8,6],[1,1],[4,4],[8,7],[9,4],[8,7],[5,5],[2,8],[5,8],[3,3],[6,5],[9,3],[1,6],[8,9],[4,1],[4,1],[2,5],[7,7],[6,3],[2,9],[8,3],[5,8],[5,9],[5,8]],"flankerResponse":[[5,8],[2,2],[4,4],[5,4],[5,4],[2,7],[9,7],[1,7],[4,5],[7,8],[7,9],[5,7],[4,1],[4,1],[9,1],[9,6],[8,1],[1,1],[4,8],[8,7],[9,6],[8,7],[5,1],[1,1],[5,4],[1,9],[1,5],[9,5],[1,7],[8,9],[4,5],[4,1],[4,5],[7,1],[6,4],[2,1],[8,4],[5,1],[5,9],[5,1]],"flankerXYDeg":[[[12.5,0],[18,0]],[[12.5,0],[18,0]],[[12.5,0],[18,0]],[[12.5,0],[18,0]],[[12.5,0],[18,0]],[[12.5,0],[18,0]],[[12.5,0],[18,0]],[[12.5,0],[18,0]],[[12.5,0],[18,0]],[[12.5,0],[18,0]],[[12.5,0],[18,0]],[[12.5,0],[18,0]],[[12.5,0],[18,0]],[[12.5,0],[18,0]],[[12.5,0],[18,0]],[[12.5,0],[18,0]],[[12.5,0],[18,0]],[[12.5,0],[18,0]],[[12.5,0],[18,0]],[[12.5,0],[18,0]],[[12.5,0],[18,0]],[[12.5,0],[18,0]],[[12.5,0],[18,0]],[[12.5,0],[18,0]],[[12.5,0],[18,0]],[[12.5,0],[18,0]],[[12.5,0],[18,0]],[[12.5,0],[18,0]],[[12.5,0],[18,0]],[[12.5,0],[18,0]],[[12.5,0],[18,0]],[[12.5,0],[18,0]],[[12.5,0],[18,0]],[[12.5,0],[18,0]],[[12.5,0],[18,0]],[[12.5,0],[18,0]],[[12.5,0],[18,0]],[[12.5,0],[18,0]],[[12.5,0],[18,0]],[[12.5,0],[18,0]]],"eccentricityXYDeg":[[15,0],[15,0],[15,0],[15,0],[15,0],[15,0],[15,0],[15,0],[15,0],[15,0],[15,0],[15,0],[15,0],[15,0],[15,0],[15,0],[15,0],[15,0],[15,0],[15,0],[15,0],[15,0],[15,0],[15,0],[15,0],[15,0],[15,0],[15,0],[15,0],[15,0],[15,0],[15,0],[15,0],[15,0],[15,0],[15,0],[15,0],[15,0],[15,0],[15,0]]}