{
	"intensity": -0.3809466714,
	"isRight": 1,
	"rawResponseString": [],
	"response": 8,
	"target": 8,
	"stimulusOnsetSec": [165403.5455,165410.9939],
	"responseTimeSec": [4.812454531,3.465034992]
}
