{
	"intensity": [-0.3809466714,-0.0006248611232,-0.008468442382,-0.1462347676,-0.2213078569,-0.1010206134,-0.134801826,-0.159733131,-0.1812100787,-0.200027707,-0.2172900798,-0.233757839,-0.2490012818,-0.2645700005,-0.2248752381,-0.2345529051,-0.2436548187,-0.2523383072,-0.2607302891,-0.2689378584,-0.2771056375,-0.28536524,-0.2938595069,-0.3021758497,-0.3110418034,-0.2863823418,-0.2923053098,-0.2979047379,-0.3036429891,-0.3091547849,-0.3148943832,-0.3205143974,-0.3264817417,-0.3329291692,-0.3394662351,-0.3468687084,-0.3553807507,-0.3655614259,-0.3783572825,-0.396027086,-0.4269561574,-0.5526766109,-1.112259523,-1.695674438,-1.212312857,-1.352536331,-1.439217551,-1.303394283,-1.202152927,-1.096321811],
	"isRight": [0,1,1,1,0,1,1,1,1,1,1,1,1,0,1,1,1,1,1,1,1,1,1,1,0,1,1,1,1,1,1,1,1,1,1,1,1,1,1,1,1,1,1,0,1,1,0,0,0,1],
	"rawResponseString": [],
	"response": [5,9,7,2,5,6,9,2,3,9,6,2,7,4,2,1,7,4,2,5,5,5,5,7,5,8,5,8,1,4,2,3,3,4,7,3,6,6,4,9,1,8,6,2,8,2,5,6,9,2],
	"target": [7,9,7,2,7,6,9,2,3,9,6,2,7,6,2,1,7,4,2,5,5,5,5,7,7,8,5,8,1,4,2,3,3,4,7,3,6,6,4,9,1,8,6,4,8,2,3,9,8,2],
	"stimulusOnsetSec": [165476.1941,165481.4631,165485.2787,165489.0102,165492.7414,165499.5441,165503.3418,165506.9722,165510.6931,165514.33,165519.7268,165523.6788,165527.2537,165530.9194,165536.1601,165539.6788,165543.1283,165547.8619,165552.2106,165555.6908,165559.2265,165565.006,165569.0703,165572.8769,165576.3258,165579.9637,165584.9104,165589.0284,165592.7771,165596.3748,165600.63,165604.2024,165608.5874,165612.8556,165616.3702,165620.0593,165624.3042,165627.9087,165632.0734,165637.0545,165641.5774,165645.1568,165648.9212,165652.6427,165656.7539,165660.7075,165664.486,165672.1061,165679.0911,165683.3584],
	"responseTimeSec": [2.707932906,1.273910988,1.149635115,1.157393262,4.245148801,1.249386433,1.072582168,1.148407287,1.108085923,2.807036263,1.409252716,1.017801618,1.059736079,2.757842305,1.006655089,0.949868842,2.223449959,1.797727836,0.956567512,0.98225501,3.193957853,1.463646816,1.226245626,0.943950061,1.09373856,2.364986307,1.679391995,1.155151897,1.048386991,1.692294321,1.009427815,1.823146343,1.68699057,0.97355793,1.1402475,1.633542571,1.058201991,1.620567972,2.387433698,1.969951445,0.963762646,1.190489161,1.126299072,1.622472309,1.402433624,1.184167582,5.064047982,4.458099859,1.707809006,1.351736099]
}
