{"intensity":[-0.50500000000000733,-0.0010945132337694958,-0.27743650438250289,-0.51223610070694248,-0.29662177814417584,-0.18966284905901887,-0.24111567586927454,-0.17522939186680606,-0.20746608997759508,-0.23370468518555779,-0.25615815647339496,-0.21924692455325312,-0.18872794297893281,-0.20374388930832915,-0.21686942525014966,-0.22958268821241379,-0.20786952378153689,-0.21840211715536342,-0.2283219496788304,-0.23785346904957308,-0.247183668464153,-0.2564826079391066,-0.23995343633719934,-0.24756272185724795,-0.25520565877558732,-0.24160275620911609,-0.22935705919630503,-0.23534006236995345,-0.22463360871940774,-0.21415869956839609,-0.20410196609105988,-0.19433388729885603,-0.1991040179742733,-0.19014155979567238,-0.19473946248366902,-0.18607650495533068,-0.17788865701733328,-0.18224807000374646,-0.18628074676366985,-0.17879713327171015,-0.18275311416473763,-0.1864350469888493,-0.19019800705339729,-0.19375374284721433,-0.18699438410599731,-0.19047829999089269,-0.1937746870910545,-0.18746889231463523],"isRight":[1,0,0,1,1,0,1,0,0,0,1,1,0,0,0,1,0,0,0,0,0,1,0,0,1,1,0,1,1,1,1,0,1,0,1,1,0,0,1,0,0,0,0,1,0,0,1,0],"rawResponseString":["HND","BPK","VHK","KOZ","HSH","VSD","GHR","PTR","VTD","ZHD","KDH","DSV","ZHR","VXH","ZRQ","NSD","ORK","RSV","VSR","ORK","NPD","HVD","NQD","SDE","NDD","KVK","DPH","NDR","SSO","NKN","NRR","DPR","RHK","VHR","KDV","VRH","KRH","VRZ","ONZ","KVR","SNR","KHR","ORZ","RHV","ZRZ","SRN","DNN","VRZ"],"response":[4,0,2,5,7,7,2,0,0,2,1,7,2,0,6,7,6,7,7,6,0,8,0,1,1,8,0,1,7,3,6,0,2,2,1,6,6,6,4,8,4,2,6,2,6,6,4,6],"target":[4,7,1,5,7,6,2,8,2,3,1,7,3,9,5,7,8,6,6,5,2,8,4,2,1,8,4,1,7,3,6,5,2,4,1,6,8,3,4,9,1,6,3,2,5,1,4,5],"flankers":[[2,1],[7,3],[8,3],[3,9],[2,2],[8,5],[5,6],[6,3],[8,5],[9,1],[3,4],[1,8],[9,6],[8,2],[9,5],[4,1],[5,3],[6,8],[8,3],[5,3],[4,1],[2,1],[4,4],[7,9],[4,1],[3,3],[1,2],[4,4],[7,5],[4,2],[4,6],[1,5],[6,3],[8,6],[3,8],[8,4],[3,1],[8,9],[5,9],[2,3],[7,4],[3,1],[5,9],[6,8],[9,9],[7,4],[1,4],[8,9],[1,3]],"flankerResponse":[[2,1],[0,3],[8,3],[3,9],[2,2],[8,1],[0,6],[0,6],[8,1],[9,1],[3,2],[1,8],[9,6],[8,2],[9,0],[4,1],[5,3],[6,8],[8,6],[5,3],[4,1],[2,1],[4,1],[7,0],[4,1],[3,3],[1,2],[4,6],[7,5],[4,4],[4,6],[1,6],[6,3],[8,6],[3,8],[8,2],[3,2],[8,9],[5,9],[3,6],[7,6],[3,6],[5,9],[6,8],[9,9],[7,4],[1,4],[8,9]],"flankerXYDeg":[[[-16.363636363636363,0],[-13.5,0]],[[-16.363636363636363,0],[-13.5,0]],[[-16.363636363636363,0],[-13.5,0]],[[-16.363636363636363,0],[-13.5,0]],[[-16.363636363636363,0],[-13.5,0]],[[-16.363636363636363,0],[-13.5,0]],[[-16.363636363636363,0],[-13.5,0]],[[-16.363636363636363,0],[-13.5,0]],[[-16.363636363636363,0],[-13.5,0]],[[-16.363636363636363,0],[-13.5,0]],[[-16.363636363636363,0],[-13.5,0]],[[-16.363636363636363,0],[-13.5,0]],[[-16.363636363636363,0],[-13.5,0]],[[-16.363636363636363,0],[-13.5,0]],[[-16.363636363636363,0],[-13.5,0]],[[-16.363636363636363,0],[-13.5,0]],[[-16.363636363636363,0],[-13.5,0]],[[-16.363636363636363,0],[-13.5,0]],[[-16.363636363636363,0],[-13.5,0]],[[-16.363636363636363,0],[-13.5,0]],[[-16.363636363636363,0],[-13.5,0]],[[-16.363636363636363,0],[-13.5,0]],[[-16.363636363636363,0],[-13.5,0]],[[-16.363636363636363,0],[-13.5,0]],[[-16.363636363636363,0],[-13.5,0]],[[-16.363636363636363,0],[-13.5,0]],[[-16.363636363636363,0],[-13.5,0]],[[-16.363636363636363,0],[-13.5,0]],[[-16.363636363636363,0],[-13.5,0]],[[-16.363636363636363,0],[-13.5,0]],[[-16.363636363636363,0],[-13.5,0]],[[-16.363636363636363,0],[-13.5,0]],[[-16.363636363636363,0],[-13.5,0]],[[-16.363636363636363,0],[-13.5,0]],[[-16.363636363636363,0],[-13.5,0]],[[-16.363636363636363,0],[-13.5,0]],[[-16.363636363636363,0],[-13.5,0]],[[-16.363636363636363,0],[-13.5,0]],[[-16.363636363636363,0],[-13.5,0]],[[-16.363636363636363,0],[-13.5,0]],[[-16.363636363636363,0],[-13.5,0]],[[-16.363636363636363,0],[-13.5,0]],[[-16.363636363636363,0],[-13.5,0]],[[-16.363636363636363,0],[-13.5,0]],[[-16.363636363636363,0],[-13.5,0]],[[-16.363636363636363,0],[-13.5,0]],[[-16.363636363636363,0],[-13.5,0]],[[-16.363636363636363,0],[-13.5,0]],[[-13.5,0],[-16.363636363636363,0]]],"eccentricityXYDeg":[[-15,0],[-15,0],[-15,0],[-15,0],[-15,0],[-15,0],[-15,0],[-15,0],[-15,0],[-15,0],[-15,0],[-15,0],[-15,0],[-15,0],[-15,0],[-15,0],[-15,0],[-15,0],[-15,0],[-15,0],[-15,0],[-15,0],[-15,0],[-15,0],[-15,0],[-15,0],[-15,0],[-15,0],[-15,0],[-15,0],[-15,0],[-15,0],[-15,0],[-15,0],[-15,0],[-15,0],[-15,0],[-15,0],[-15,0],[-15,0],[-15,0],[-15,0],[-15,0],[-15,0],[-15,0],[-15,0],[-15,0],[-15,0],[-15,0]],"stimulusOnsetSec":[586476.687068556,586484.132139292,586491.000373608,586496.433733856,586501.567895057,586506.58541894,586513.385036511,586524.904268804,586542.873023833,586549.606908519,586554.674330456,586560.50614115,586565.075203713,586569.491934903,586577.543852157,586589.642978619,586596.929144357,586602.946881497,586607.013539832,586611.380436974,586617.73363882,586624.517415516,586629.097207951,586635.295870043,586655.218788375,586660.720564346,586665.055465784,586671.354264034,586676.205450119,586679.990928871,586693.943417617,586698.727089421,586704.957897826,586710.060747547,586715.077931022,586720.258949542,586725.273315254,586730.243085854,586734.813505297,586739.812667942,586744.84630773,586755.732449701,586760.683631246,586771.752376617,586775.837994152,586779.835492507,586784.3872723,586788.851462565,586793.703077238],"responseTimeSec":[5.2371562870685011,4.699253638042137,3.2890390240354463,2.9482622049981728,2.8268023119308054,4.5938209419837222,9.3511730920290574,15.805532734026201,4.5266759960213676,2.8993318859720603,3.661213243030943,2.3903110589599237,2.2544321489986032,5.8667241249931976,9.8907401170581579,5.1342998530017212,3.8533790269866586,1.8839578409679234,2.2072426329832524,4.1544559070607647,4.6038111250381917,2.39086672605481,4.0070389390457422,2.4679640990216285,3.328213311964646,2.1491011900361627,4.141959550906904,2.6758114310214296,1.5845579169690609,3.4727169590769336,2.6270068909507245,4.07284333393909,2.9312030520522967,2.8266051120590419,2.9922398140188307,2.8841615529963747,2.7973919759970158,2.4102394969668239,2.823832507012412,2.84401673800312,8.73720796208363,2.7746459369082004,8.8640124329831451,1.9216089609544724,1.83593846403528,2.3908754920121282,2.2707768930122256,2.6634719909634441,240.38890338293277]}