{
	"intensity": [-0.3809466714,-1.222813778,-0.5761237663,-0.7766640996,-0.8999303716,-0.7298736689,-0.7807277957,-0.8162833597,-0.844996398,-0.8682058461,-0.8895924084,-0.9092178772,-0.9280555552,-0.9468950129,-0.9665320264,-0.9201330082,-0.8904214092,-0.8997909696,-0.8759000901,-0.8841027847,-0.8913832465,-0.8982439782,-0.9048143824,-0.9108357263,-0.9166250814,-0.901489623,-0.8866734627,-0.8918242275,-0.8965223146,-0.901208666,-0.9055051408,-0.9098394655,-0.9138465469,-0.9176395974,-0.9214849829,-0.9250622513,-0.9287042753,-0.9321877612,-0.9354633903,-0.93882645,-0.9420633999,-0.9451213557,-0.9482679652,-0.9400025234,-0.9428369451,-0.9455532917,-0.9483635181,-0.951118436,-0.9537204255,-0.9562392201],
	"isRight": [1,0,1,1,0,1,1,1,1,1,1,1,1,1,0,0,1,0,1,1,1,1,1,1,0,0,1,1,1,1,1,1,1,1,1,1,1,1,1,1,1,1,0,1,1,1,1,1,1,1],
	"rawResponseString": [],
	"response": [4,1,3,7,4,4,4,5,4,5,6,2,1,8,8,1,5,6,8,7,7,5,3,1,6,6,5,1,1,5,9,8,6,6,5,9,3,7,7,8,2,1,3,1,6,8,7,2,3,7],
	"target": [4,7,3,7,7,4,4,5,4,5,6,2,1,8,1,2,5,3,8,7,7,5,3,1,2,2,5,1,1,5,9,8,6,6,5,9,3,7,7,8,2,1,6,1,6,8,7,2,3,7],
	"stimulusOnsetSec": [2420.244967,2426.42536,2433.583242,2438.216916,2444.329816,2449.499739,2459.442919,2465.519752,2469.8758,2474.505855,2478.936811,2483.680433,2489.167733,2505.888229,2510.377254,2516.059735,2521.26434,2526.038285,2530.6978,2536.535887,2541.561953,2546.015391,2552.931985,2557.556867,2562.225525,2567.73807,2574.791049,2582.022996,2586.304285,2591.122225,2599.534314,2610.368276,2615.310471,2622.926015,2627.635778,2632.023607,2636.77766,2646.227987,2651.38879,2658.999282,2665.111221,2669.602629,2674.473094,2682.576413,2687.202865,2691.898676,2696.463237,2701.190401,2705.967615,2710.771361],
	"responseTimeSec": [3.408647532,4.439994411,1.912590612,3.41065744,2.443715821,7.205178365,3.321970972,1.72961017,1.853530763,1.705355187,2.056510835,2.7504861,13.98283099,1.775425444,2.95259653,2.453165643,2.046438841,1.922569743,3.104028567,2.320676422,1.743299143,4.161785257,1.871374833,1.931582359,2.756242475,4.328491085,4.465691691,1.593436312,2.039625601,5.700343794,8.081081286,2.205403614,4.843710433,1.976045035,1.640923848,1.984367688,6.717627375,2.380753662,4.880549222,3.344924037,1.732102364,2.071179852,5.309412246,1.881405585,1.920207359,1.826150411,1.979408062,1.97634062,2.041312956,17.20696664]
}
