{"intensity":[-0.38094667137399374,-1.2228137779397419,-0.57612376625854989,-0.776664099622274,-0.89993037161863154,-0.98506643115455728,-1.0505959779321974,-1.1022321325071889,-1.0038571924463473,-1.0305074251200197,-1.0525374535338448,-1.0021557421246068,-1.0180865019935705,-1.0320774043041916,-1.044157245056816,-1.0549257755821131,-1.0647484484880674,-1.0738811767118173,-1.0492694666321785,-1.0570762724218268,-1.0644729992524966,-1.0711685703591582,-1.0775779172287085,-1.0838388413574136,-1.0896350868566578,-1.0953162724430143,-1.1009995138926565,-1.1063085808450279,-1.1116987364504134,-1.1167955226549136,-1.1030491295238347,-1.0905335856040188,-1.0789843443344478,-1.08293241278948,-1.0866290642630836,-1.0904052839983724,-1.0939106387520852,-1.0972581626190423,-1.088071722178976,-1.0913597137637909],"isRight":[1,0,1,1,1,1,1,0,1,1,0,1,1,1,1,1,1,0,1,1,1,1,1,1,1,1,1,1,1,0,0,0,1,1,1,1,1,0,1,1],"rawResponseString":[],"response":[8,3,5,1,7,7,3,6,7,8,8,8,6,9,6,9,5,2,5,2,9,4,8,4,4,5,1,9,8,5,4,4,7,4,1,5,7,1,4,1],"target":[8,8,5,1,7,7,3,4,7,8,3,8,6,9,6,9,5,3,5,2,9,4,8,4,4,5,1,9,8,6,2,6,7,4,1,5,7,4,4,1]}