{"intensity":[-0.38094667137399374,-1.2228137779397419,-0.57612376625854989,-0.776664099622274,-0.89993037161863154,-0.98506643115455728,-1.0505959779321974,-1.1022321325071889,-1.0038571924463473,-1.0305074251200197,-1.0525374535338448,-1.0711685935584756,-1.0877747963323388,-1.1032378790242194,-1.065202843475942,-1.0767380232556971,-1.0871657419422331,-1.0967747641086953,-1.073068163016158,-1.0809005375223879],"isRight":[1,0,1,1,1,1,1,0,1,1,1,1,1,0,1,1,1,0,1,1],"rawResponseString":[],"response":[1,5,1,7,2,9,7,6,2,8,7,6,6,2,5,7,5,6,5,9],"target":[1,9,1,7,2,9,7,1,2,8,7,6,6,3,5,7,5,3,5,9]}