{
	"intensity": [-0.3809466714,-1.222813778,-1.770847118,-1.308309305,-1.441702272,-1.277383548,-1.123667185,-1.198648585,-1.103190498,-1.145769395,-1.170433274,-1.188392641,-1.20346814,-1.167163367,-1.179416421,-1.190028603,-1.163685903,-1.172611246,-1.149277563,-1.157356079,-1.164785484,-1.17137632,-1.177554439,-1.183489769,-1.167688236,-1.173113184,-1.178059091,-1.182897644,-1.16991128,-1.174304696,-1.17843238,-1.167191343,-1.156246479,-1.160300474,-1.163988883,-1.167477924,-1.171009894,-1.174258327,-1.177359722,-1.180541515],
	"isRight": [
		1,
		1,
		0,
		1,
		0,
		0,
		1,
		0,
		1,
		1,
		1,
		1,
		0,
		1,
		1,
		0,
		1,
		0,
		1,
		1,
		1,
		1,
		1,
		0,
		1,
		1,
		1,
		0,
		1,
		1,
		0,
		0,
		1,
		1,
		1,
		1,
		1,
		1,
		1,
		1
	],
	"rawResponseString": [],
	"response": [
		7,
		4,
		4,
		2,
		7,
		3,
		9,
		2,
		1,
		2,
		8,
		2,
		8,
		7,
		8,
		2,
		7,
		7,
		9,
		2,
		7,
		6,
		9,
		2,
		5,
		7,
		8,
		2,
		6,
		7,
		2,
		2,
		9,
		2,
		9,
		6,
		9,
		5,
		6,
		1
	],
	"target": [7,4,5,2,8,7,9,4,1,2,8,2,3,7,8,4,7,6,9,2,7,6,9,6,5,7,8,4,6,7,1,6,9,2,9,6,9,5,6,1],
	"stimulusOnsetSec": [607.8805817,612.9141127,621.696947,625.1970822,628.430516,631.5469465,634.880514,638.1297895,641.2973172,644.4136455,647.4793456,650.8126284,653.9627774,660.2631581,663.5303594,666.6636044,669.8132066,673.1294314,676.6132485,680.1460384,683.4629377,686.7296741,690.0459222,693.2463874,696.4299329,699.5464919,702.6961925,706.1127614,709.396542,712.6128062,715.8131006,719.1630933,722.3281123,725.5114079,728.7295477,731.8950267,735.1446975,738.2952473,741.445087,744.5281223],
	"responseTimeSec": [2.903929149,6.680885239,1.402912845,1.124895607,1.004949235,1.221580045,1.135906966,1.054854332,0.971883966,0.908553949,1.161476921,0.972168795,4.158024753,1.106315068,0.982435785,0.984702319,1.161436765,1.188518685,1.339469309,1.125632367,1.047629279,1.115817559,0.979246703,0.964120376,0.898974134,0.93632927,1.190224987,1.066840884,0.975984812,0.982091129,1.162213007,0.964596228,0.96572387,0.915176825,0.948294194,1.018341766,0.928843485,0.900689102,0.874383556,0.901470953]
}
